Month,MATERIAL_NAME,ReconstructedInventory
2023-12,MAT-0005,0.025
2023-12,MAT-0007,117.725
2023-12,MAT-0011,169.45
2023-12,MAT-0012,24.75
2023-12,MAT-0014,0.025
2023-12,MAT-0015,1762.45
2023-12,MAT-0019,231.65
2023-12,MAT-0021,49.5
2023-12,MAT-0022,347.8
2023-12,MAT-0023,347.8
2023-12,MAT-0024,347.8
2023-12,MAT-0025,347.8
2023-12,MAT-0026,347.8
2023-12,MAT-0028,347.8
2023-12,MAT-0029,347.8
2023-12,MAT-0030,347.8
2023-12,MAT-0031,347.8
2023-12,MAT-0032,347.8
2023-12,MAT-0034,476.925
2023-12,MAT-0035,476.925
2023-12,MAT-0037,23.375
2023-12,MAT-0039,74.25
2023-12,MAT-0040,74.25
2023-12,MAT-0041,0.164
2023-12,MAT-0043,0.164
2023-12,MAT-0044,0.164
2023-12,MAT-0045,0.164
2023-12,MAT-0046,825.575
2023-12,MAT-0048,0.024
2023-12,MAT-0050,224.2
2023-12,MAT-0051,2.675
2023-12,MAT-0053,2.675
2023-12,MAT-0055,664.55
2023-12,MAT-0056,76.025
2023-12,MAT-0057,33.4
2023-12,MAT-0058,1.209
2023-12,MAT-0061,24.75
2023-12,MAT-0062,118.875
2023-12,MAT-0063,118.875
2023-12,MAT-0064,118.875
2023-12,MAT-0065,700.425
2023-12,MAT-0066,74.1
2023-12,MAT-0067,24.75
2023-12,MAT-0068,24.75
2023-12,MAT-0071,123.7
2023-12,MAT-0072,0.05
2023-12,MAT-0073,0.05
2023-12,MAT-0074,0.05
2023-12,MAT-0075,0.05
2023-12,MAT-0076,0.05
2023-12,MAT-0077,0.05
2023-12,MAT-0078,0.05
2023-12,MAT-0079,16.0
2023-12,MAT-0080,16.0
2023-12,MAT-0081,16.0
2023-12,MAT-0085,16.0
2023-12,MAT-0088,1.656
2023-12,MAT-0089,1.656
2023-12,MAT-0090,1.656
2023-12,MAT-0093,1.656
2023-12,MAT-0095,1.656
2023-12,MAT-0096,222.65
2023-12,MAT-0097,147.875
2023-12,MAT-0098,200.5
2023-12,MAT-0099,989.675
2023-12,MAT-0100,4.599
2023-12,MAT-0101,173.1
2023-12,MAT-0103,118.3
2023-12,MAT-0104,24.25
2023-12,MAT-0105,49.475
2023-12,MAT-0106,12.375
2023-12,MAT-0109,181.5
2023-12,MAT-0110,181.5
2023-12,MAT-0111,181.5
2023-12,MAT-0112,276.35
2023-12,MAT-0113,155.825
2023-12,MAT-0114,108.95
2023-12,MAT-0115,24.725
2023-12,MAT-0116,12.975
2023-12,MAT-0118,24.75
2023-12,MAT-0121,49.5
2023-12,MAT-0122,49.5
2023-12,MAT-0123,49.5
2023-12,MAT-0124,49.5
2023-12,MAT-0125,49.5
2023-12,MAT-0126,49.5
2023-12,MAT-0127,49.5
2023-12,MAT-0130,49.5
2023-12,MAT-0131,49.5
2023-12,MAT-0132,49.5
2023-12,MAT-0133,49.5
2023-12,MAT-0135,672.45
2023-12,MAT-0136,672.45
2023-12,MAT-0137,672.45
2023-12,MAT-0138,23.725
2023-12,MAT-0139,8.298
2023-12,MAT-0140,8.298
2023-12,MAT-0141,8.298
2023-12,MAT-0146,483.45
2023-12,MAT-0150,255.9
2023-12,MAT-0151,157.525
2023-12,MAT-0153,25.4
2023-12,MAT-0156,167.75
2023-12,MAT-0162,24.75
2023-12,MAT-0163,95.925
2023-12,MAT-0164,37.125
2023-12,MAT-0165,24.75
2023-12,MAT-0167,148.5
2023-12,MAT-0168,8.25
2023-12,MAT-0171,23.375
2023-12,MAT-0172,23.375
2023-12,MAT-0173,23.375
2023-12,MAT-0174,23.375
2023-12,MAT-0175,23.35
2023-12,MAT-0177,2.5
2023-12,MAT-0178,2.6
2023-12,MAT-0179,22.15
2023-12,MAT-0180,46.7
2023-12,MAT-0182,102.0
2023-12,MAT-0183,102.0
2023-12,MAT-0184,102.0
2023-12,MAT-0185,102.0
2023-12,MAT-0186,0.1
2023-12,MAT-0191,0.1
2023-12,MAT-0192,0.1
2023-12,MAT-0194,0.1
2023-12,MAT-0197,0.125
2023-12,MAT-0207,23.375
2023-12,MAT-0210,98.9
2023-12,MAT-0211,92.025
2023-12,MAT-0212,92.025
2023-12,MAT-0213,92.025
2023-12,MAT-0217,153.7
2023-12,MAT-0218,11.75
2023-12,MAT-0221,0.0
2023-12,MAT-0222,0.0
2023-12,MAT-0223,0.0
2023-12,MAT-0224,0.0
2023-12,MAT-0225,0.0
2023-12,MAT-0226,0.0
2023-12,MAT-0227,0.0
2023-12,MAT-0228,0.0
2023-12,MAT-0230,0.0
2023-12,MAT-0231,24.75
2023-12,MAT-0232,222.75
2023-12,MAT-0233,6.6
2023-12,MAT-0234,717.025
2023-12,MAT-0236,67.15
2023-12,MAT-0237,15.275
2023-12,MAT-0241,74.25
2023-12,MAT-0242,74.25
2023-12,MAT-0243,74.25
2023-12,MAT-0244,74.25
2023-12,MAT-0245,74.25
2023-12,MAT-0246,74.25
2023-12,MAT-0247,9.875
2023-12,MAT-0248,9.875
2023-12,MAT-0250,9.875
2023-12,MAT-0252,47.725
2023-12,MAT-0253,47.725
2023-12,MAT-0255,47.725
2023-12,MAT-0257,5.151
2023-12,MAT-0258,10.048
2023-12,MAT-0260,2.4
2023-12,MAT-0263,148.425
2023-12,MAT-0265,4.0
2023-12,MAT-0267,9.4
2023-12,MAT-0268,410.7
2023-12,MAT-0269,45.375
2023-12,MAT-0271,0.6
2023-12,MAT-0272,0.024
2023-12,MAT-0273,121.0
2023-12,MAT-0274,53.525
2023-12,MAT-0275,53.525
2023-12,MAT-0276,53.525
2023-12,MAT-0283,6.013
2023-12,MAT-0288,110.225
2023-12,MAT-0289,110.225
2023-12,MAT-0292,110.225
2023-12,MAT-0293,110.225
2023-12,MAT-0295,110.225
2023-12,MAT-0296,24.75
2023-12,MAT-0299,1.825
2023-12,MAT-0301,141.1
2023-12,MAT-0302,141.1
2023-12,MAT-0303,143.6
2023-12,MAT-0304,141.1
2023-12,MAT-0305,141.1
2023-12,MAT-0306,141.1
2023-12,MAT-0307,141.1
2023-12,MAT-0308,141.1
2023-12,MAT-0309,141.1
2023-12,MAT-0310,141.1
2023-12,MAT-0316,141.1
2023-12,MAT-0318,397.5
2023-12,MAT-0319,960.475
2023-12,MAT-0320,16.5
2023-12,MAT-0321,198.05
2023-12,MAT-0322,3.175
2023-12,MAT-0323,222.425
2023-12,MAT-0327,331.525
2023-12,MAT-0334,49.45
2023-12,MAT-0335,198.0
2023-12,MAT-0336,38.0
2023-12,MAT-0338,38.0
2023-12,MAT-0339,1.125
2023-12,MAT-0340,689.375
2023-12,MAT-0343,49.0
2023-12,MAT-0344,6.825
2023-12,MAT-0345,8.075
2023-12,MAT-0346,6.825
2023-12,MAT-0347,6.825
2023-12,MAT-0348,6.825
2023-12,MAT-0349,6.825
2023-12,MAT-0351,6.825
2023-12,MAT-0354,49.3
2023-12,MAT-0355,7.225
2023-12,MAT-0356,7.225
2023-12,MAT-0357,82.85
2023-12,MAT-0359,22.625
2023-12,MAT-0360,22.625
2023-12,MAT-0361,22.625
2023-12,MAT-0363,22.625
2023-12,MAT-0364,24.75
2023-12,MAT-0365,24.75
2023-12,MAT-0366,34.75
2023-12,MAT-0367,24.75
2023-12,MAT-0369,8.075
2023-12,MAT-0371,0.05
2023-12,MAT-0372,0.05
2023-12,MAT-0373,0.05
2023-12,MAT-0374,49.1
2023-12,MAT-0376,2.675
2023-12,MAT-0380,254.95
2023-12,MAT-0381,49.4
2023-12,MAT-0385,0.65
2023-12,MAT-0386,231.25
2023-12,MAT-0390,228.35
2023-12,MAT-0392,22.0
2023-12,MAT-0393,98.525
2023-12,MAT-0394,24.75
2023-12,MAT-0395,138.75
2023-12,MAT-0396,138.75
2023-12,MAT-0397,25.45
2023-12,MAT-0398,43.975
2023-12,MAT-0403,4.2
2023-12,MAT-0404,4.2
2023-12,MAT-0405,4.2
2023-12,MAT-0406,4.2
2023-12,MAT-0407,4.2
2023-12,MAT-0408,4.2
2023-12,MAT-0410,4.2
2023-12,MAT-0411,4.2
2023-12,MAT-0412,4.2
2023-12,MAT-0413,46.5
2023-12,MAT-0415,882.75
2023-12,MAT-0416,585.125
2023-12,MAT-0419,76.5
2023-12,MAT-0420,76.5
2023-12,MAT-0421,76.5
2023-12,MAT-0422,76.5
2023-12,MAT-0423,76.5
2023-12,MAT-0424,76.5
2023-12,MAT-0426,76.5
2023-12,MAT-0427,241.875
2023-12,MAT-0428,241.875
2023-12,MAT-0431,0.0
2024-01,MAT-0005,0.775
2024-01,MAT-0007,3649.475
2024-01,MAT-0011,5252.95
2024-01,MAT-0012,767.25
2024-01,MAT-0014,0.775
2024-01,MAT-0015,54635.95
2024-01,MAT-0019,7181.150000000001
2024-01,MAT-0021,1534.5
2024-01,MAT-0022,10781.8
2024-01,MAT-0023,10781.8
2024-01,MAT-0024,10781.8
2024-01,MAT-0025,10781.8
2024-01,MAT-0026,10781.8
2024-01,MAT-0028,10781.8
2024-01,MAT-0029,10781.8
2024-01,MAT-0030,10781.8
2024-01,MAT-0031,10781.8
2024-01,MAT-0032,10781.8
2024-01,MAT-0034,14784.675
2024-01,MAT-0035,14784.675
2024-01,MAT-0037,724.625
2024-01,MAT-0039,2301.75
2024-01,MAT-0040,2301.75
2024-01,MAT-0041,5.0840000000000005
2024-01,MAT-0043,5.0840000000000005
2024-01,MAT-0044,5.0840000000000005
2024-01,MAT-0045,5.0840000000000005
2024-01,MAT-0046,25592.825
2024-01,MAT-0048,0.744
2024-01,MAT-0050,9722.2
2024-01,MAT-0051,285.425
2024-01,MAT-0053,82.925
2024-01,MAT-0055,20642.3
2024-01,MAT-0056,10264.445
2024-01,MAT-0057,1035.4
2024-01,MAT-0058,37.479
2024-01,MAT-0061,767.25
2024-01,MAT-0062,5541.375
2024-01,MAT-0063,3685.125
2024-01,MAT-0064,3685.125
2024-01,MAT-0065,23931.05
2024-01,MAT-0066,2297.1
2024-01,MAT-0067,767.25
2024-01,MAT-0068,767.25
2024-01,MAT-0071,3834.7
2024-01,MAT-0072,702.8
2024-01,MAT-0073,1240.69
2024-01,MAT-0074,30.440000000000005
2024-01,MAT-0075,1.55
2024-01,MAT-0076,1.55
2024-01,MAT-0077,1.55
2024-01,MAT-0078,1.55
2024-01,MAT-0079,2034.71
2024-01,MAT-0080,496.0
2024-01,MAT-0081,496.0
2024-01,MAT-0085,499.6
2024-01,MAT-0088,51.336
2024-01,MAT-0089,51.336
2024-01,MAT-0090,51.336
2024-01,MAT-0093,51.336
2024-01,MAT-0095,51.336
2024-01,MAT-0096,6902.150000000001
2024-01,MAT-0097,4584.125
2024-01,MAT-0098,6215.5
2024-01,MAT-0099,34441.924999999996
2024-01,MAT-0100,142.56900000000002
2024-01,MAT-0101,5366.099999999999
2024-01,MAT-0103,4187.05
2024-01,MAT-0104,751.75
2024-01,MAT-0105,1533.725
2024-01,MAT-0106,383.625
2024-01,MAT-0109,8547.17
2024-01,MAT-0110,5626.5
2024-01,MAT-0111,5626.5
2024-01,MAT-0112,9439.0
2024-01,MAT-0113,4830.575
2024-01,MAT-0114,6564.95
2024-01,MAT-0115,766.475
2024-01,MAT-0116,402.225
2024-01,MAT-0118,767.25
2024-01,MAT-0121,1534.5
2024-01,MAT-0122,1924.5
2024-01,MAT-0123,1534.5
2024-01,MAT-0124,1534.5
2024-01,MAT-0125,1534.5
2024-01,MAT-0126,1534.5
2024-01,MAT-0127,1534.5
2024-01,MAT-0130,1534.5
2024-01,MAT-0131,1908.5
2024-01,MAT-0132,1534.5
2024-01,MAT-0133,1534.5
2024-01,MAT-0135,20999.95
2024-01,MAT-0136,21031.575
2024-01,MAT-0137,20845.95
2024-01,MAT-0138,735.475
2024-01,MAT-0139,257.238
2024-01,MAT-0140,257.238
2024-01,MAT-0141,257.238
2024-01,MAT-0146,14986.95
2024-01,MAT-0150,7932.900000000001
2024-01,MAT-0151,11313.775
2024-01,MAT-0153,787.4
2024-01,MAT-0156,8492.0
2024-01,MAT-0162,767.25
2024-01,MAT-0163,2973.6749999999997
2024-01,MAT-0164,1150.875
2024-01,MAT-0165,767.25
2024-01,MAT-0167,4603.5
2024-01,MAT-0168,255.75
2024-01,MAT-0171,724.625
2024-01,MAT-0172,724.625
2024-01,MAT-0173,724.625
2024-01,MAT-0174,759.0
2024-01,MAT-0175,723.85
2024-01,MAT-0177,95.375
2024-01,MAT-0178,223.1
2024-01,MAT-0179,686.65
2024-01,MAT-0180,1447.7
2024-01,MAT-0182,3193.25
2024-01,MAT-0183,3162.0
2024-01,MAT-0184,3162.0
2024-01,MAT-0185,3162.0
2024-01,MAT-0186,3.1
2024-01,MAT-0191,3.1
2024-01,MAT-0192,3.1
2024-01,MAT-0194,3.1
2024-01,MAT-0197,3.875
2024-01,MAT-0207,724.625
2024-01,MAT-0210,3912.9
2024-01,MAT-0211,2852.775
2024-01,MAT-0212,2852.775
2024-01,MAT-0213,2852.775
2024-01,MAT-0217,4764.7
2024-01,MAT-0218,364.25
2024-01,MAT-0221,1178.75
2024-01,MAT-0222,0.0
2024-01,MAT-0223,0.0
2024-01,MAT-0224,0.0
2024-01,MAT-0225,0.0
2024-01,MAT-0226,0.0
2024-01,MAT-0227,0.0
2024-01,MAT-0228,1054.0
2024-01,MAT-0230,0.0
2024-01,MAT-0231,767.25
2024-01,MAT-0232,6905.25
2024-01,MAT-0233,1871.1
2024-01,MAT-0234,26663.575
2024-01,MAT-0236,2081.65
2024-01,MAT-0237,844.775
2024-01,MAT-0241,2301.75
2024-01,MAT-0242,2871.0
2024-01,MAT-0243,2323.75
2024-01,MAT-0244,2301.75
2024-01,MAT-0245,2301.75
2024-01,MAT-0246,2301.75
2024-01,MAT-0247,3325.625
2024-01,MAT-0248,306.125
2024-01,MAT-0250,306.125
2024-01,MAT-0252,1479.475
2024-01,MAT-0253,1479.475
2024-01,MAT-0255,1479.475
2024-01,MAT-0257,159.68099999999998
2024-01,MAT-0258,311.488
2024-01,MAT-0260,74.39999999999999
2024-01,MAT-0263,4601.175
2024-01,MAT-0265,124.0
2024-01,MAT-0267,384.9
2024-01,MAT-0268,14236.2
2024-01,MAT-0269,1406.625
2024-01,MAT-0271,439.35
2024-01,MAT-0272,0.744
2024-01,MAT-0273,3751.0
2024-01,MAT-0274,1659.275
2024-01,MAT-0275,1659.275
2024-01,MAT-0276,1659.275
2024-01,MAT-0283,186.403
2024-01,MAT-0288,3416.975
2024-01,MAT-0289,3416.975
2024-01,MAT-0292,3416.975
2024-01,MAT-0293,3956.975
2024-01,MAT-0295,3416.975
2024-01,MAT-0296,767.25
2024-01,MAT-0299,56.575
2024-01,MAT-0301,4728.849999999999
2024-01,MAT-0302,5484.605
2024-01,MAT-0303,7576.6
2024-01,MAT-0304,4864.099999999999
2024-01,MAT-0305,4374.099999999999
2024-01,MAT-0306,4704.099999999999
2024-01,MAT-0307,4374.099999999999
2024-01,MAT-0308,4374.099999999999
2024-01,MAT-0309,4374.099999999999
2024-01,MAT-0310,4374.099999999999
2024-01,MAT-0316,4374.099999999999
2024-01,MAT-0318,12322.5
2024-01,MAT-0319,29774.725
2024-01,MAT-0320,511.5
2024-01,MAT-0321,6139.55
2024-01,MAT-0322,296.425
2024-01,MAT-0323,6895.175
2024-01,MAT-0327,10283.575
2024-01,MAT-0334,1532.95
2024-01,MAT-0335,11355.75
2024-01,MAT-0336,1222.0
2024-01,MAT-0338,1299.0
2024-01,MAT-0339,34.875
2024-01,MAT-0340,32675.3
2024-01,MAT-0343,1519.0
2024-01,MAT-0344,1175.45
2024-01,MAT-0345,481.575
2024-01,MAT-0346,582.825
2024-01,MAT-0347,211.575
2024-01,MAT-0348,211.575
2024-01,MAT-0349,211.575
2024-01,MAT-0351,211.575
2024-01,MAT-0354,1528.3
2024-01,MAT-0355,443.975
2024-01,MAT-0356,519.6
2024-01,MAT-0357,2568.35
2024-01,MAT-0359,1592.375
2024-01,MAT-0360,701.375
2024-01,MAT-0361,701.375
2024-01,MAT-0363,701.375
2024-01,MAT-0364,767.25
2024-01,MAT-0365,852.25
2024-01,MAT-0366,1482.25
2024-01,MAT-0367,767.25
2024-01,MAT-0369,250.325
2024-01,MAT-0371,817.55
2024-01,MAT-0372,2105.3
2024-01,MAT-0373,855.425
2024-01,MAT-0374,1522.1
2024-01,MAT-0376,82.925
2024-01,MAT-0380,7903.45
2024-01,MAT-0381,1531.4
2024-01,MAT-0385,20.15
2024-01,MAT-0386,7683.0
2024-01,MAT-0390,7438.05
2024-01,MAT-0392,682.0
2024-01,MAT-0393,3054.275
2024-01,MAT-0394,767.25
2024-01,MAT-0395,8057.875
2024-01,MAT-0396,4305.15
2024-01,MAT-0397,788.9499999999999
2024-01,MAT-0398,1363.225
2024-01,MAT-0403,130.20000000000002
2024-01,MAT-0404,138.0
2024-01,MAT-0405,315.825
2024-01,MAT-0406,130.20000000000002
2024-01,MAT-0407,130.20000000000002
2024-01,MAT-0408,130.20000000000002
2024-01,MAT-0410,130.20000000000002
2024-01,MAT-0411,130.20000000000002
2024-01,MAT-0412,130.20000000000002
2024-01,MAT-0413,7843.1
2024-01,MAT-0415,28788.96
2024-01,MAT-0416,18138.875
2024-01,MAT-0419,2371.5
2024-01,MAT-0420,2371.5
2024-01,MAT-0421,11864.84
2024-01,MAT-0422,2371.5
2024-01,MAT-0423,2371.5
2024-01,MAT-0424,2371.5
2024-01,MAT-0426,2371.5
2024-01,MAT-0427,7498.125
2024-01,MAT-0428,14650.875
2024-01,MAT-0431,0.0
2024-02,MAT-0005,0.7250000000000001
2024-02,MAT-0007,3414.0249999999996
2024-02,MAT-0011,4914.049999999999
2024-02,MAT-0012,717.75
2024-02,MAT-0014,0.7250000000000001
2024-02,MAT-0015,58214.3
2024-02,MAT-0019,6717.85
2024-02,MAT-0021,1435.5
2024-02,MAT-0022,10086.2
2024-02,MAT-0023,10086.2
2024-02,MAT-0024,10086.2
2024-02,MAT-0025,10086.2
2024-02,MAT-0026,10086.2
2024-02,MAT-0028,10086.2
2024-02,MAT-0029,10086.2
2024-02,MAT-0030,10086.2
2024-02,MAT-0031,10086.2
2024-02,MAT-0032,10086.2
2024-02,MAT-0034,13830.825
2024-02,MAT-0035,13833.575
2024-02,MAT-0037,677.875
2024-02,MAT-0039,2153.25
2024-02,MAT-0040,2153.25
2024-02,MAT-0041,4.756
2024-02,MAT-0043,4.756
2024-02,MAT-0044,4.756
2024-02,MAT-0045,4.756
2024-02,MAT-0046,26409.325
2024-02,MAT-0048,0.6960000000000001
2024-02,MAT-0050,10214.3
2024-02,MAT-0051,9990.075
2024-02,MAT-0053,77.57499999999999
2024-02,MAT-0055,19391.574999999997
2024-02,MAT-0056,22454.785
2024-02,MAT-0057,968.6
2024-02,MAT-0058,35.061
2024-02,MAT-0061,717.75
2024-02,MAT-0062,7704.375
2024-02,MAT-0063,3447.375
2024-02,MAT-0064,3447.375
2024-02,MAT-0065,23223.199999999997
2024-02,MAT-0066,2148.8999999999996
2024-02,MAT-0067,717.75
2024-02,MAT-0068,717.75
2024-02,MAT-0071,3587.3
2024-02,MAT-0072,2235.825
2024-02,MAT-0073,3046.74
2024-02,MAT-0074,550.36
2024-02,MAT-0075,1327.4499999999998
2024-02,MAT-0076,1.4500000000000002
2024-02,MAT-0077,1.4500000000000002
2024-02,MAT-0078,1.4500000000000002
2024-02,MAT-0079,2497.77
2024-02,MAT-0080,464.0
2024-02,MAT-0081,464.0
2024-02,MAT-0085,475.6
2024-02,MAT-0088,48.024
2024-02,MAT-0089,48.024
2024-02,MAT-0090,48.024
2024-02,MAT-0093,48.024
2024-02,MAT-0095,48.024
2024-02,MAT-0096,6456.85
2024-02,MAT-0097,4288.375
2024-02,MAT-0098,5814.5
2024-02,MAT-0099,40605.325
2024-02,MAT-0100,133.371
2024-02,MAT-0101,5019.9
2024-02,MAT-0103,4148.450000000001
2024-02,MAT-0104,703.25
2024-02,MAT-0105,1434.775
2024-02,MAT-0106,358.875
2024-02,MAT-0109,12020.83
2024-02,MAT-0110,5333.5
2024-02,MAT-0111,5300.625
2024-02,MAT-0112,15117.34
2024-02,MAT-0113,7191.924999999999
2024-02,MAT-0114,8531.8
2024-02,MAT-0115,717.0250000000001
2024-02,MAT-0116,379.275
2024-02,MAT-0118,717.75
2024-02,MAT-0121,1855.4
2024-02,MAT-0122,2596.75
2024-02,MAT-0123,1435.5
2024-02,MAT-0124,1435.5
2024-02,MAT-0125,1435.5
2024-02,MAT-0126,1435.5
2024-02,MAT-0127,1435.5
2024-02,MAT-0130,1435.5
2024-02,MAT-0131,2435.125
2024-02,MAT-0132,1435.5
2024-02,MAT-0133,1435.5
2024-02,MAT-0135,19884.675000000003
2024-02,MAT-0136,19859.925000000003
2024-02,MAT-0137,21184.050000000003
2024-02,MAT-0138,688.0250000000001
2024-02,MAT-0139,240.642
2024-02,MAT-0140,240.642
2024-02,MAT-0141,240.642
2024-02,MAT-0146,14260.675
2024-02,MAT-0150,7421.1
2024-02,MAT-0151,21533.675000000003
2024-02,MAT-0153,736.5999999999999
2024-02,MAT-0156,9926.125
2024-02,MAT-0162,717.75
2024-02,MAT-0163,2781.825
2024-02,MAT-0164,2151.875
2024-02,MAT-0165,717.75
2024-02,MAT-0167,4306.5
2024-02,MAT-0168,239.25
2024-02,MAT-0171,677.875
2024-02,MAT-0172,677.875
2024-02,MAT-0173,677.875
2024-02,MAT-0174,877.25
2024-02,MAT-0175,677.1500000000001
2024-02,MAT-0177,112.375
2024-02,MAT-0178,1899.4
2024-02,MAT-0179,642.3499999999999
2024-02,MAT-0180,1354.3000000000002
2024-02,MAT-0182,2994.25
2024-02,MAT-0183,2958.0
2024-02,MAT-0184,2958.0
2024-02,MAT-0185,2958.0
2024-02,MAT-0186,2.9000000000000004
2024-02,MAT-0191,2.9000000000000004
2024-02,MAT-0192,596.9000000000001
2024-02,MAT-0194,2.9000000000000004
2024-02,MAT-0197,3.625
2024-02,MAT-0207,677.875
2024-02,MAT-0210,5219.35
2024-02,MAT-0211,2668.7250000000004
2024-02,MAT-0212,2668.7250000000004
2024-02,MAT-0213,2668.7250000000004
2024-02,MAT-0217,4457.299999999999
2024-02,MAT-0218,340.75
2024-02,MAT-0221,3205.0
2024-02,MAT-0222,0.0
2024-02,MAT-0223,0.0
2024-02,MAT-0224,0.0
2024-02,MAT-0225,0.0
2024-02,MAT-0226,0.0
2024-02,MAT-0227,0.0
2024-02,MAT-0228,4717.535
2024-02,MAT-0230,0.0
2024-02,MAT-0231,717.75
2024-02,MAT-0232,6459.75
2024-02,MAT-0233,5171.4
2024-02,MAT-0234,38105.12
2024-02,MAT-0236,1947.35
2024-02,MAT-0237,1531.975
2024-02,MAT-0241,2153.25
2024-02,MAT-0242,4306.5
2024-02,MAT-0243,2539.625
2024-02,MAT-0244,2153.25
2024-02,MAT-0245,2153.25
2024-02,MAT-0246,2703.25
2024-02,MAT-0247,16126.085
2024-02,MAT-0248,286.375
2024-02,MAT-0250,286.375
2024-02,MAT-0252,1384.025
2024-02,MAT-0253,1384.025
2024-02,MAT-0255,1384.025
2024-02,MAT-0257,149.379
2024-02,MAT-0258,291.392
2024-02,MAT-0260,69.6
2024-02,MAT-0263,4304.325000000001
2024-02,MAT-0265,116.0
2024-02,MAT-0267,432.1
2024-02,MAT-0268,17413.800000000003
2024-02,MAT-0269,1315.875
2024-02,MAT-0271,735.1500000000001
2024-02,MAT-0272,0.6960000000000001
2024-02,MAT-0273,3509.0
2024-02,MAT-0274,1552.225
2024-02,MAT-0275,1552.225
2024-02,MAT-0276,1552.225
2024-02,MAT-0283,174.377
2024-02,MAT-0288,3196.5249999999996
2024-02,MAT-0289,3196.5249999999996
2024-02,MAT-0292,3746.525
2024-02,MAT-0293,3849.025
2024-02,MAT-0295,3196.5249999999996
2024-02,MAT-0296,717.75
2024-02,MAT-0299,52.925
2024-02,MAT-0301,4809.65
2024-02,MAT-0302,7734.944999999998
2024-02,MAT-0303,10403.275
2024-02,MAT-0304,5434.4
2024-02,MAT-0305,4098.775
2024-02,MAT-0306,4976.08
2024-02,MAT-0307,4091.9
2024-02,MAT-0308,4091.9
2024-02,MAT-0309,4091.9
2024-02,MAT-0310,4091.9
2024-02,MAT-0316,4469.4
2024-02,MAT-0318,11527.5
2024-02,MAT-0319,27853.775
2024-02,MAT-0320,478.5
2024-02,MAT-0321,5743.450000000001
2024-02,MAT-0322,809.825
2024-02,MAT-0323,6450.325000000001
2024-02,MAT-0327,10744.025
2024-02,MAT-0334,1434.0500000000002
2024-02,MAT-0335,46532.625
2024-02,MAT-0336,2213.0
2024-02,MAT-0338,1475.25
2024-02,MAT-0339,100.125
2024-02,MAT-0340,40572.73
2024-02,MAT-0343,1421.0
2024-02,MAT-0344,2371.8
2024-02,MAT-0345,2557.175
2024-02,MAT-0346,915.675
2024-02,MAT-0347,197.925
2024-02,MAT-0348,197.925
2024-02,MAT-0349,1979.925
2024-02,MAT-0351,197.925
2024-02,MAT-0354,1429.6999999999998
2024-02,MAT-0355,847.5250000000001
2024-02,MAT-0356,887.4000000000001
2024-02,MAT-0357,2405.5
2024-02,MAT-0359,2809.375
2024-02,MAT-0360,656.125
2024-02,MAT-0361,656.125
2024-02,MAT-0363,656.125
2024-02,MAT-0364,717.75
2024-02,MAT-0365,1007.75
2024-02,MAT-0366,2960.25
2024-02,MAT-0367,717.75
2024-02,MAT-0369,234.175
2024-02,MAT-0371,1489.4499999999998
2024-02,MAT-0372,5062.825000000001
2024-02,MAT-0373,1567.5749999999998
2024-02,MAT-0374,1973.9
2024-02,MAT-0376,77.57499999999999
2024-02,MAT-0380,7393.549999999999
2024-02,MAT-0381,2001.85
2024-02,MAT-0385,18.85
2024-02,MAT-0386,7798.0
2024-02,MAT-0390,9730.19
2024-02,MAT-0392,638.0
2024-02,MAT-0393,2857.2250000000004
2024-02,MAT-0394,717.75
2024-02,MAT-0395,12608.375
2024-02,MAT-0396,4061.45
2024-02,MAT-0397,738.05
2024-02,MAT-0398,1275.275
2024-02,MAT-0403,121.8
2024-02,MAT-0404,197.2
2024-02,MAT-0405,480.6749999999999
2024-02,MAT-0406,121.8
2024-02,MAT-0407,121.8
2024-02,MAT-0408,121.8
2024-02,MAT-0410,121.8
2024-02,MAT-0411,121.8
2024-02,MAT-0412,121.8
2024-02,MAT-0413,17201.965
2024-02,MAT-0415,28359.515
2024-02,MAT-0416,16968.625
2024-02,MAT-0419,2218.5
2024-02,MAT-0420,2218.5
2024-02,MAT-0421,31249.56
2024-02,MAT-0422,2218.5
2024-02,MAT-0423,2218.5
2024-02,MAT-0424,2218.5
2024-02,MAT-0426,2218.5
2024-02,MAT-0427,7014.375
2024-02,MAT-0428,40822.895
2024-02,MAT-0431,0.0
2024-03,MAT-0005,0.775
2024-03,MAT-0007,3665.675
2024-03,MAT-0011,5252.95
2024-03,MAT-0012,767.25
2024-03,MAT-0014,0.775
2024-03,MAT-0015,95755.475
2024-03,MAT-0019,7181.150000000001
2024-03,MAT-0021,1534.5
2024-03,MAT-0022,10781.8
2024-03,MAT-0023,10781.8
2024-03,MAT-0024,10781.8
2024-03,MAT-0025,10781.8
2024-03,MAT-0026,10781.8
2024-03,MAT-0028,10781.8
2024-03,MAT-0029,10781.8
2024-03,MAT-0030,10781.8
2024-03,MAT-0031,10781.8
2024-03,MAT-0032,10781.8
2024-03,MAT-0034,14784.675
2024-03,MAT-0035,14908.925
2024-03,MAT-0037,724.625
2024-03,MAT-0039,2301.75
2024-03,MAT-0040,2301.75
2024-03,MAT-0041,5.0840000000000005
2024-03,MAT-0043,5.0840000000000005
2024-03,MAT-0044,5.0840000000000005
2024-03,MAT-0045,5.0840000000000005
2024-03,MAT-0046,32227.135
2024-03,MAT-0048,0.744
2024-03,MAT-0050,11726.95
2024-03,MAT-0051,46082.395
2024-03,MAT-0053,82.925
2024-03,MAT-0055,20728.925
2024-03,MAT-0056,40574.314999999995
2024-03,MAT-0057,1035.4
2024-03,MAT-0058,37.479
2024-03,MAT-0061,767.25
2024-03,MAT-0062,15936.375
2024-03,MAT-0063,3685.125
2024-03,MAT-0064,3685.125
2024-03,MAT-0065,24877.199999999997
2024-03,MAT-0066,2297.1
2024-03,MAT-0067,767.25
2024-03,MAT-0068,767.25
2024-03,MAT-0071,3834.7
2024-03,MAT-0072,4782.425
2024-03,MAT-0073,3256.86
2024-03,MAT-0074,603.8100000000001
2024-03,MAT-0075,2194.5499999999997
2024-03,MAT-0076,1.55
2024-03,MAT-0077,1.55
2024-03,MAT-0078,1.55
2024-03,MAT-0079,2670.0299999999997
2024-03,MAT-0080,496.0
2024-03,MAT-0081,496.0
2024-03,MAT-0085,632.15
2024-03,MAT-0088,51.336
2024-03,MAT-0089,51.336
2024-03,MAT-0090,51.336
2024-03,MAT-0093,51.336
2024-03,MAT-0095,51.336
2024-03,MAT-0096,6902.150000000001
2024-03,MAT-0097,4584.125
2024-03,MAT-0098,6215.5
2024-03,MAT-0099,52336.175
2024-03,MAT-0100,148.399
2024-03,MAT-0101,5366.099999999999
2024-03,MAT-0103,4434.55
2024-03,MAT-0104,1246.75
2024-03,MAT-0105,1632.725
2024-03,MAT-0106,383.625
2024-03,MAT-0109,14735.12
2024-03,MAT-0110,5936.5
2024-03,MAT-0111,5707.625
2024-03,MAT-0112,25024.72
2024-03,MAT-0113,9434.075
2024-03,MAT-0114,11602.2
2024-03,MAT-0115,766.475
2024-03,MAT-0116,419.775
2024-03,MAT-0118,767.25
2024-03,MAT-0121,2300.2000000000003
2024-03,MAT-0122,3377.0
2024-03,MAT-0123,4126.375
2024-03,MAT-0124,1534.5
2024-03,MAT-0125,1534.5
2024-03,MAT-0126,1534.5
2024-03,MAT-0127,1534.5
2024-03,MAT-0130,1534.5
2024-03,MAT-0131,3026.375
2024-03,MAT-0132,1534.5
2024-03,MAT-0133,1534.5
2024-03,MAT-0135,21532.075
2024-03,MAT-0136,21229.575
2024-03,MAT-0137,32292.825
2024-03,MAT-0138,735.475
2024-03,MAT-0139,257.238
2024-03,MAT-0140,257.238
2024-03,MAT-0141,257.238
2024-03,MAT-0146,15285.325
2024-03,MAT-0150,7932.900000000001
2024-03,MAT-0151,24997.975
2024-03,MAT-0153,787.4
2024-03,MAT-0156,11313.5
2024-03,MAT-0162,767.25
2024-03,MAT-0163,2973.6749999999997
2024-03,MAT-0164,2600.125
2024-03,MAT-0165,767.25
2024-03,MAT-0167,4603.5
2024-03,MAT-0168,255.75
2024-03,MAT-0171,724.625
2024-03,MAT-0172,724.625
2024-03,MAT-0173,724.625
2024-03,MAT-0174,1784.575
2024-03,MAT-0175,723.85
2024-03,MAT-0177,120.125
2024-03,MAT-0178,15754.1
2024-03,MAT-0179,686.65
2024-03,MAT-0180,1447.7
2024-03,MAT-0182,3200.75
2024-03,MAT-0183,3162.0
2024-03,MAT-0184,3162.0
2024-03,MAT-0185,3162.0
2024-03,MAT-0186,3.1
2024-03,MAT-0191,3.1
2024-03,MAT-0192,770.35
2024-03,MAT-0194,3.1
2024-03,MAT-0197,3.875
2024-03,MAT-0207,724.625
2024-03,MAT-0210,8713.025
2024-03,MAT-0211,2852.775
2024-03,MAT-0212,2852.775
2024-03,MAT-0213,2852.775
2024-03,MAT-0217,4764.7
2024-03,MAT-0218,1948.25
2024-03,MAT-0221,4530.0
2024-03,MAT-0222,297.0
2024-03,MAT-0223,0.0
2024-03,MAT-0224,0.0
2024-03,MAT-0225,0.0
2024-03,MAT-0226,0.0
2024-03,MAT-0227,0.0
2024-03,MAT-0228,6639.485
2024-03,MAT-0230,1980.0
2024-03,MAT-0231,767.25
2024-03,MAT-0232,6905.25
2024-03,MAT-0233,7691.099999999999
2024-03,MAT-0234,51874.280000000006
2024-03,MAT-0236,2081.65
2024-03,MAT-0237,3221.875
2024-03,MAT-0241,2301.75
2024-03,MAT-0242,4774.410000000001
2024-03,MAT-0243,3631.375
2024-03,MAT-0244,2301.75
2024-03,MAT-0245,2301.75
2024-03,MAT-0246,2983.75
2024-03,MAT-0247,25699.315
2024-03,MAT-0248,306.125
2024-03,MAT-0250,306.125
2024-03,MAT-0252,1479.475
2024-03,MAT-0253,1479.475
2024-03,MAT-0255,1479.475
2024-03,MAT-0257,159.68099999999998
2024-03,MAT-0258,311.488
2024-03,MAT-0260,74.39999999999999
2024-03,MAT-0263,4601.175
2024-03,MAT-0265,124.0
2024-03,MAT-0267,461.9
2024-03,MAT-0268,20404.2
2024-03,MAT-0269,1406.625
2024-03,MAT-0271,3225.14
2024-03,MAT-0272,0.744
2024-03,MAT-0273,5604.6
2024-03,MAT-0274,1659.275
2024-03,MAT-0275,1659.275
2024-03,MAT-0276,1659.275
2024-03,MAT-0283,186.403
2024-03,MAT-0288,3416.975
2024-03,MAT-0289,3416.975
2024-03,MAT-0292,4791.974999999999
2024-03,MAT-0293,4114.474999999999
2024-03,MAT-0295,3416.975
2024-03,MAT-0296,767.25
2024-03,MAT-0299,56.575
2024-03,MAT-0301,5903.099999999999
2024-03,MAT-0302,12238.394999999997
2024-03,MAT-0303,12898.025
2024-03,MAT-0304,6389.099999999999
2024-03,MAT-0305,4444.224999999999
2024-03,MAT-0306,5610.38
2024-03,MAT-0307,4374.099999999999
2024-03,MAT-0308,4484.099999999999
2024-03,MAT-0309,4448.349999999999
2024-03,MAT-0310,4374.099999999999
2024-03,MAT-0316,4842.2
2024-03,MAT-0318,12328.0
2024-03,MAT-0319,29774.725
2024-03,MAT-0320,511.5
2024-03,MAT-0321,6139.55
2024-03,MAT-0322,865.6750000000001
2024-03,MAT-0323,6895.175
2024-03,MAT-0327,12957.675
2024-03,MAT-0334,1532.95
2024-03,MAT-0335,72841.1
2024-03,MAT-0336,9191.275
2024-03,MAT-0338,2982.25
2024-03,MAT-0339,862.875
2024-03,MAT-0340,58503.17999999999
2024-03,MAT-0343,1519.0
2024-03,MAT-0344,4298.075
2024-03,MAT-0345,4627.7
2024-03,MAT-0346,11670.825
2024-03,MAT-0347,211.575
2024-03,MAT-0348,211.575
2024-03,MAT-0349,4419.075
2024-03,MAT-0351,211.575
2024-03,MAT-0354,1528.3
2024-03,MAT-0355,922.475
2024-03,MAT-0356,1354.25
2024-03,MAT-0357,2573.0
2024-03,MAT-0359,3003.125
2024-03,MAT-0360,701.375
2024-03,MAT-0361,701.375
2024-03,MAT-0363,701.375
2024-03,MAT-0364,1214.125
2024-03,MAT-0365,1077.25
2024-03,MAT-0366,5049.75
2024-03,MAT-0367,1014.85
2024-03,MAT-0369,250.325
2024-03,MAT-0371,3181.55
2024-03,MAT-0372,5755.925
2024-03,MAT-0373,2004.925
2024-03,MAT-0374,2204.1
2024-03,MAT-0376,95.925
2024-03,MAT-0380,7903.45
2024-03,MAT-0381,2326.15
2024-03,MAT-0385,20.15
2024-03,MAT-0386,8618.0
2024-03,MAT-0390,14717.41
2024-03,MAT-0392,682.0
2024-03,MAT-0393,3054.275
2024-03,MAT-0394,767.25
2024-03,MAT-0395,15544.775
2024-03,MAT-0396,4341.55
2024-03,MAT-0397,788.9499999999999
2024-03,MAT-0398,1453.065
2024-03,MAT-0403,130.20000000000002
2024-03,MAT-0404,210.8
2024-03,MAT-0405,513.8249999999999
2024-03,MAT-0406,130.20000000000002
2024-03,MAT-0407,130.20000000000002
2024-03,MAT-0408,130.20000000000002
2024-03,MAT-0410,130.20000000000002
2024-03,MAT-0411,130.20000000000002
2024-03,MAT-0412,130.20000000000002
2024-03,MAT-0413,24462.98
2024-03,MAT-0415,34632.085
2024-03,MAT-0416,18955.625
2024-03,MAT-0419,2371.5
2024-03,MAT-0420,2371.5
2024-03,MAT-0421,45984.25
2024-03,MAT-0422,2371.5
2024-03,MAT-0423,2371.5
2024-03,MAT-0424,2371.5
2024-03,MAT-0426,2371.5
2024-03,MAT-0427,7498.125
2024-03,MAT-0428,66700.43500000001
2024-03,MAT-0431,0.0
2024-04,MAT-0005,0.75
2024-04,MAT-0007,3693.75
2024-04,MAT-0011,5083.5
2024-04,MAT-0012,742.5
2024-04,MAT-0014,0.75
2024-04,MAT-0015,116863.0
2024-04,MAT-0019,6949.5
2024-04,MAT-0021,1485.0
2024-04,MAT-0022,10434.0
2024-04,MAT-0023,10434.0
2024-04,MAT-0024,10434.0
2024-04,MAT-0025,10434.0
2024-04,MAT-0026,10434.0
2024-04,MAT-0028,10434.0
2024-04,MAT-0029,10456.0
2024-04,MAT-0030,10434.0
2024-04,MAT-0031,10434.0
2024-04,MAT-0032,10434.0
2024-04,MAT-0034,14307.75
2024-04,MAT-0035,14453.125
2024-04,MAT-0037,701.25
2024-04,MAT-0039,2227.5
2024-04,MAT-0040,2227.5
2024-04,MAT-0041,4.92
2024-04,MAT-0043,4.92
2024-04,MAT-0044,4.92
2024-04,MAT-0045,4.92
2024-04,MAT-0046,31187.550000000003
2024-04,MAT-0048,0.72
2024-04,MAT-0050,12690.75
2024-04,MAT-0051,59601.149999999994
2024-04,MAT-0053,80.25
2024-04,MAT-0055,20060.25
2024-04,MAT-0056,55301.09999999999
2024-04,MAT-0057,1002.0
2024-04,MAT-0058,36.27
2024-04,MAT-0061,742.5
2024-04,MAT-0062,36087.88
2024-04,MAT-0063,3566.25
2024-04,MAT-0064,3566.25
2024-04,MAT-0065,24252.999999999996
2024-04,MAT-0066,2223.0
2024-04,MAT-0067,742.5
2024-04,MAT-0068,943.25
2024-04,MAT-0071,3711.0
2024-04,MAT-0072,6711.5
2024-04,MAT-0073,3151.8
2024-04,MAT-0074,585.3000000000001
2024-04,MAT-0075,3061.5
2024-04,MAT-0076,7.0
2024-04,MAT-0077,1.5
2024-04,MAT-0078,1.5
2024-04,MAT-0079,2583.8999999999996
2024-04,MAT-0080,488.25
2024-04,MAT-0081,480.0
2024-04,MAT-0085,702.75
2024-04,MAT-0088,49.68
2024-04,MAT-0089,51.92999999999999
2024-04,MAT-0090,49.68
2024-04,MAT-0093,49.68
2024-04,MAT-0095,49.68
2024-04,MAT-0096,6679.5
2024-04,MAT-0097,4436.25
2024-04,MAT-0098,6336.75
2024-04,MAT-0099,53351.25
2024-04,MAT-0100,312.87
2024-04,MAT-0101,5426.75
2024-04,MAT-0103,4291.5
2024-04,MAT-0104,1633.625
2024-04,MAT-0105,2805.625
2024-04,MAT-0106,1163.25
2024-04,MAT-0109,17127.6
2024-04,MAT-0110,6037.5
2024-04,MAT-0111,5568.75
2024-04,MAT-0112,38812.59
2024-04,MAT-0113,9129.75
2024-04,MAT-0114,11376.0
2024-04,MAT-0115,741.75
2024-04,MAT-0116,1028.09
2024-04,MAT-0118,742.5
2024-04,MAT-0121,3216.0
2024-04,MAT-0122,4527.875
2024-04,MAT-0123,4413.75
2024-04,MAT-0124,1485.0
2024-04,MAT-0125,1485.0
2024-04,MAT-0126,1485.0
2024-04,MAT-0127,1485.0
2024-04,MAT-0130,1485.0
2024-04,MAT-0131,2928.75
2024-04,MAT-0132,1485.0
2024-04,MAT-0133,1485.0
2024-04,MAT-0135,22179.625
2024-04,MAT-0136,20544.75
2024-04,MAT-0137,45204.0
2024-04,MAT-0138,711.75
2024-04,MAT-0139,248.94
2024-04,MAT-0140,248.94
2024-04,MAT-0141,248.94
2024-04,MAT-0146,14839.0
2024-04,MAT-0150,7677.0
2024-04,MAT-0151,30563.775
2024-04,MAT-0153,762.0
2024-04,MAT-0156,10989.0
2024-04,MAT-0162,742.5
2024-04,MAT-0163,2877.75
2024-04,MAT-0164,3712.875
2024-04,MAT-0165,742.5
2024-04,MAT-0167,4455.0
2024-04,MAT-0168,247.5
2024-04,MAT-0171,701.25
2024-04,MAT-0172,701.25
2024-04,MAT-0173,701.25
2024-04,MAT-0174,3792.955
2024-04,MAT-0175,700.5
2024-04,MAT-0177,116.25
2024-04,MAT-0178,24777.0
2024-04,MAT-0179,664.5
2024-04,MAT-0180,1401.0
2024-04,MAT-0182,3097.5
2024-04,MAT-0183,3060.0
2024-04,MAT-0184,3060.0
2024-04,MAT-0185,3060.0
2024-04,MAT-0186,79.5
2024-04,MAT-0191,3.0
2024-04,MAT-0192,1587.0
2024-04,MAT-0194,3.0
2024-04,MAT-0197,3.75
2024-04,MAT-0207,1146.75
2024-04,MAT-0210,10466.25
2024-04,MAT-0211,2767.25
2024-04,MAT-0212,2760.75
2024-04,MAT-0213,2760.75
2024-04,MAT-0217,4611.0
2024-04,MAT-0218,2742.69
2024-04,MAT-0221,6250.0
2024-04,MAT-0222,3778.5
2024-04,MAT-0223,0.0
2024-04,MAT-0224,0.0
2024-04,MAT-0225,0.0
2024-04,MAT-0226,0.0
2024-04,MAT-0227,0.0
2024-04,MAT-0228,6973.8
2024-04,MAT-0230,4158.0
2024-04,MAT-0231,742.5
2024-04,MAT-0232,6682.5
2024-04,MAT-0233,7503.0
2024-04,MAT-0234,60658.15
2024-04,MAT-0236,2014.5
2024-04,MAT-0237,4142.219999999999
2024-04,MAT-0241,2244.06
2024-04,MAT-0242,4644.900000000001
2024-04,MAT-0243,4147.0
2024-04,MAT-0244,2227.5
2024-04,MAT-0245,2227.5
2024-04,MAT-0246,2887.5
2024-04,MAT-0247,32421.58
2024-04,MAT-0248,296.25
2024-04,MAT-0250,399.79
2024-04,MAT-0252,1431.75
2024-04,MAT-0253,1431.75
2024-04,MAT-0255,1431.75
2024-04,MAT-0257,154.53
2024-04,MAT-0258,301.44
2024-04,MAT-0260,72.0
2024-04,MAT-0263,4452.75
2024-04,MAT-0265,120.0
2024-04,MAT-0267,447.3
2024-04,MAT-0268,19890.0
2024-04,MAT-0269,1361.25
2024-04,MAT-0271,5177.299999999999
2024-04,MAT-0272,0.72
2024-04,MAT-0273,6806.44
2024-04,MAT-0274,1612.25
2024-04,MAT-0275,1605.75
2024-04,MAT-0276,1605.75
2024-04,MAT-0283,180.39
2024-04,MAT-0288,3306.75
2024-04,MAT-0289,3306.75
2024-04,MAT-0292,4709.25
2024-04,MAT-0293,3981.75
2024-04,MAT-0295,3306.75
2024-04,MAT-0296,1509.75
2024-04,MAT-0299,54.75
2024-04,MAT-0301,6081.0
2024-04,MAT-0302,15169.859999999995
2024-04,MAT-0303,15827.000000000004
2024-04,MAT-0304,6945.5
2024-04,MAT-0305,5478.75
2024-04,MAT-0306,5429.4
2024-04,MAT-0307,4233.0
2024-04,MAT-0308,4637.25
2024-04,MAT-0309,5019.5
2024-04,MAT-0310,4233.0
2024-04,MAT-0316,4686.0
2024-04,MAT-0318,11940.0
2024-04,MAT-0319,28814.25
2024-04,MAT-0320,495.0
2024-04,MAT-0321,5941.5
2024-04,MAT-0322,868.01
2024-04,MAT-0323,6672.75
2024-04,MAT-0327,14049.375
2024-04,MAT-0334,1483.5
2024-04,MAT-0335,88089.5
2024-04,MAT-0336,16319.25
2024-04,MAT-0338,6982.5
2024-04,MAT-0339,843.75
2024-04,MAT-0340,86083.65
2024-04,MAT-0343,1470.0
2024-04,MAT-0344,5328.0
2024-04,MAT-0345,5814.75
2024-04,MAT-0346,12827.25
2024-04,MAT-0347,204.75
2024-04,MAT-0348,204.75
2024-04,MAT-0349,4659.75
2024-04,MAT-0351,204.75
2024-04,MAT-0354,1525.75
2024-04,MAT-0355,1435.0
2024-04,MAT-0356,2407.275
2024-04,MAT-0357,2490.0
2024-04,MAT-0359,3945.75
2024-04,MAT-0360,678.75
2024-04,MAT-0361,678.75
2024-04,MAT-0363,678.75
2024-04,MAT-0364,1361.25
2024-04,MAT-0365,1105.0
2024-04,MAT-0366,6705.0
2024-04,MAT-0367,1156.17
2024-04,MAT-0369,242.24999999999997
2024-04,MAT-0371,3961.500000000001
2024-04,MAT-0372,5570.25
2024-04,MAT-0373,2416.0
2024-04,MAT-0374,3409.0
2024-04,MAT-0376,95.25
2024-04,MAT-0380,7648.5
2024-04,MAT-0381,3078.375
2024-04,MAT-0385,19.5
2024-04,MAT-0386,8340.0
2024-04,MAT-0390,20869.8
2024-04,MAT-0392,660.0
2024-04,MAT-0393,2955.75
2024-04,MAT-0394,742.5
2024-04,MAT-0395,15373.500000000002
2024-04,MAT-0396,4302.5
2024-04,MAT-0397,763.5
2024-04,MAT-0398,4014.45
2024-04,MAT-0403,126.0
2024-04,MAT-0404,204.00000000000003
2024-04,MAT-0405,497.25
2024-04,MAT-0406,126.45
2024-04,MAT-0407,126.0
2024-04,MAT-0408,126.0
2024-04,MAT-0410,126.0
2024-04,MAT-0411,126.0
2024-04,MAT-0412,126.0
2024-04,MAT-0413,26993.9
2024-04,MAT-0415,38175.55
2024-04,MAT-0416,26446.5
2024-04,MAT-0419,2295.0
2024-04,MAT-0420,2295.0
2024-04,MAT-0421,46243.5
2024-04,MAT-0422,2295.0
2024-04,MAT-0423,2296.2
2024-04,MAT-0424,2295.0
2024-04,MAT-0426,2295.0
2024-04,MAT-0427,7256.25
2024-04,MAT-0428,66656.55
2024-04,MAT-0431,0.0
2024-05,MAT-0005,0.775
2024-05,MAT-0007,3816.875
2024-05,MAT-0011,5252.95
2024-05,MAT-0012,767.25
2024-05,MAT-0014,0.775
2024-05,MAT-0015,169000.25
2024-05,MAT-0019,7181.150000000001
2024-05,MAT-0021,1534.5
2024-05,MAT-0022,10781.8
2024-05,MAT-0023,11463.8
2024-05,MAT-0024,10781.8
2024-05,MAT-0025,10781.8
2024-05,MAT-0026,10781.8
2024-05,MAT-0028,10783.3
2024-05,MAT-0029,11181.925
2024-05,MAT-0030,10781.8
2024-05,MAT-0031,10781.8
2024-05,MAT-0032,10781.8
2024-05,MAT-0034,14784.675
2024-05,MAT-0035,14959.05
2024-05,MAT-0037,760.505
2024-05,MAT-0039,2301.75
2024-05,MAT-0040,2301.75
2024-05,MAT-0041,5.0840000000000005
2024-05,MAT-0043,5.0840000000000005
2024-05,MAT-0044,128.834
2024-05,MAT-0045,5.0840000000000005
2024-05,MAT-0046,33860.635
2024-05,MAT-0048,0.744
2024-05,MAT-0050,16676.95
2024-05,MAT-0051,62235.105
2024-05,MAT-0053,82.925
2024-05,MAT-0055,20728.925
2024-05,MAT-0056,72316.01499999998
2024-05,MAT-0057,1035.4
2024-05,MAT-0058,37.479
2024-05,MAT-0061,767.25
2024-05,MAT-0062,46151.16
2024-05,MAT-0063,3685.125
2024-05,MAT-0064,3685.125
2024-05,MAT-0065,25260.35
2024-05,MAT-0066,2346.6
2024-05,MAT-0067,767.25
2024-05,MAT-0068,2298.25
2024-05,MAT-0071,3834.7
2024-05,MAT-0072,9467.05
2024-05,MAT-0073,3256.86
2024-05,MAT-0074,787.78
2024-05,MAT-0075,3163.5499999999997
2024-05,MAT-0076,213.3
2024-05,MAT-0077,227.75000000000003
2024-05,MAT-0078,1.55
2024-05,MAT-0079,2670.0299999999997
2024-05,MAT-0080,1017.125
2024-05,MAT-0081,496.0
2024-05,MAT-0085,843.025
2024-05,MAT-0088,51.336
2024-05,MAT-0089,172.96099999999998
2024-05,MAT-0090,51.336
2024-05,MAT-0093,51.336
2024-05,MAT-0095,51.336
2024-05,MAT-0096,6902.150000000001
2024-05,MAT-0097,4584.125
2024-05,MAT-0098,6599.125
2024-05,MAT-0099,62805.425
2024-05,MAT-0100,323.29900000000004
2024-05,MAT-0101,5792.349999999999
2024-05,MAT-0103,4434.55
2024-05,MAT-0104,1826.25
2024-05,MAT-0105,3118.95
2024-05,MAT-0106,2128.585
2024-05,MAT-0109,23323.37
2024-05,MAT-0110,6634.0
2024-05,MAT-0111,5754.375
2024-05,MAT-0112,56956.829999999994
2024-05,MAT-0113,9570.2
2024-05,MAT-0114,11755.2
2024-05,MAT-0115,766.475
2024-05,MAT-0116,1638.3349999999998
2024-05,MAT-0118,767.25
2024-05,MAT-0121,5492.95
2024-05,MAT-0122,5554.375
2024-05,MAT-0123,4560.875
2024-05,MAT-0124,1534.5
2024-05,MAT-0125,1534.5
2024-05,MAT-0126,1534.5
2024-05,MAT-0127,1534.5
2024-05,MAT-0130,1534.5
2024-05,MAT-0131,3199.625
2024-05,MAT-0132,1534.5
2024-05,MAT-0133,1534.5
2024-05,MAT-0135,23549.2
2024-05,MAT-0136,21229.575
2024-05,MAT-0137,58490.7
2024-05,MAT-0138,735.475
2024-05,MAT-0139,257.238
2024-05,MAT-0140,257.238
2024-05,MAT-0141,257.238
2024-05,MAT-0146,16184.575
2024-05,MAT-0150,7932.900000000001
2024-05,MAT-0151,43450.665
2024-05,MAT-0153,787.4
2024-05,MAT-0156,11594.0
2024-05,MAT-0162,767.25
2024-05,MAT-0163,2973.6749999999997
2024-05,MAT-0164,7258.225
2024-05,MAT-0165,767.25
2024-05,MAT-0167,4603.5
2024-05,MAT-0168,255.75
2024-05,MAT-0171,724.625
2024-05,MAT-0172,724.625
2024-05,MAT-0173,724.625
2024-05,MAT-0174,7761.255
2024-05,MAT-0175,1231.225
2024-05,MAT-0177,120.125
2024-05,MAT-0178,26801.6
2024-05,MAT-0179,686.65
2024-05,MAT-0180,1447.7
2024-05,MAT-0182,3229.5
2024-05,MAT-0183,3162.0
2024-05,MAT-0184,3162.0
2024-05,MAT-0185,3162.0
2024-05,MAT-0186,1482.1
2024-05,MAT-0191,3.1
2024-05,MAT-0192,1921.225
2024-05,MAT-0194,3.1
2024-05,MAT-0197,3.875
2024-05,MAT-0207,2523.125
2024-05,MAT-0210,11897.525
2024-05,MAT-0211,3128.96
2024-05,MAT-0212,2852.775
2024-05,MAT-0213,2852.775
2024-05,MAT-0217,4764.7
2024-05,MAT-0218,5877.255
2024-05,MAT-0221,8167.5
2024-05,MAT-0222,4497.625
2024-05,MAT-0223,0.0
2024-05,MAT-0224,86.74
2024-05,MAT-0225,0.0
2024-05,MAT-0226,0.0
2024-05,MAT-0227,0.0
2024-05,MAT-0228,9001.5
2024-05,MAT-0230,4603.5
2024-05,MAT-0231,1113.75
2024-05,MAT-0232,6905.25
2024-05,MAT-0233,9683.1
2024-05,MAT-0234,73116.98
2024-05,MAT-0236,2081.65
2024-05,MAT-0237,5139.605
2024-05,MAT-0241,2344.5299999999997
2024-05,MAT-0242,4799.7300000000005
2024-05,MAT-0243,4829.625
2024-05,MAT-0244,2301.75
2024-05,MAT-0245,2301.75
2024-05,MAT-0246,2983.75
2024-05,MAT-0247,38272.625
2024-05,MAT-0248,306.125
2024-05,MAT-0250,705.4050000000001
2024-05,MAT-0252,1479.475
2024-05,MAT-0253,1479.475
2024-05,MAT-0255,1479.475
2024-05,MAT-0257,159.68099999999998
2024-05,MAT-0258,311.488
2024-05,MAT-0260,74.39999999999999
2024-05,MAT-0263,4601.175
2024-05,MAT-0265,124.0
2024-05,MAT-0267,713.7
2024-05,MAT-0268,24838.2
2024-05,MAT-0269,1406.625
2024-05,MAT-0271,5389.66
2024-05,MAT-0272,0.744
2024-05,MAT-0273,9652.66
2024-05,MAT-0274,1674.775
2024-05,MAT-0275,2154.275
2024-05,MAT-0276,1659.275
2024-05,MAT-0283,186.403
2024-05,MAT-0288,3416.975
2024-05,MAT-0289,3416.975
2024-05,MAT-0292,4989.974999999999
2024-05,MAT-0293,4114.474999999999
2024-05,MAT-0295,3416.975
2024-05,MAT-0296,2301.75
2024-05,MAT-0299,56.575
2024-05,MAT-0301,6585.099999999999
2024-05,MAT-0302,18570.724999999995
2024-05,MAT-0303,16979.275
2024-05,MAT-0304,8791.6
2024-05,MAT-0305,6292.224999999999
2024-05,MAT-0306,5610.38
2024-05,MAT-0307,4374.099999999999
2024-05,MAT-0308,4922.724999999999
2024-05,MAT-0309,5499.674999999999
2024-05,MAT-0310,4374.099999999999
2024-05,MAT-0316,4842.2
2024-05,MAT-0318,12338.0
2024-05,MAT-0319,29774.725
2024-05,MAT-0320,511.5
2024-05,MAT-0321,6139.55
2024-05,MAT-0322,1334.705
2024-05,MAT-0323,6895.175
2024-05,MAT-0327,16426.925
2024-05,MAT-0334,1532.95
2024-05,MAT-0335,112997.4
2024-05,MAT-0336,16863.225000000002
2024-05,MAT-0338,7215.25
2024-05,MAT-0339,871.875
2024-05,MAT-0340,100822.93
2024-05,MAT-0343,1519.0
2024-05,MAT-0344,6713.95
2024-05,MAT-0345,7286.45
2024-05,MAT-0346,15230.7
2024-05,MAT-0347,211.575
2024-05,MAT-0348,211.575
2024-05,MAT-0349,4815.075
2024-05,MAT-0351,211.575
2024-05,MAT-0354,1764.8
2024-05,MAT-0355,1955.1
2024-05,MAT-0356,3587.38
2024-05,MAT-0357,2577.2
2024-05,MAT-0359,5304.875
2024-05,MAT-0360,701.375
2024-05,MAT-0361,701.375
2024-05,MAT-0363,701.375
2024-05,MAT-0364,1714.625
2024-05,MAT-0365,1154.75
2024-05,MAT-0366,9932.25
2024-05,MAT-0367,1407.6050000000002
2024-05,MAT-0369,250.325
2024-05,MAT-0371,4093.55
2024-05,MAT-0372,5755.925
2024-05,MAT-0373,2772.1749999999997
2024-05,MAT-0374,7148.6
2024-05,MAT-0376,98.425
2024-05,MAT-0380,7903.45
2024-05,MAT-0381,3705.275
2024-05,MAT-0385,20.15
2024-05,MAT-0386,8618.0
2024-05,MAT-0390,25513.91
2024-05,MAT-0392,682.0
2024-05,MAT-0393,3054.275
2024-05,MAT-0394,767.25
2024-05,MAT-0395,16306.7
2024-05,MAT-0396,4527.55
2024-05,MAT-0397,788.9499999999999
2024-05,MAT-0398,4148.265
2024-05,MAT-0403,130.20000000000002
2024-05,MAT-0404,905.26
2024-05,MAT-0405,513.8249999999999
2024-05,MAT-0406,132.525
2024-05,MAT-0407,130.20000000000002
2024-05,MAT-0408,130.20000000000002
2024-05,MAT-0410,130.20000000000002
2024-05,MAT-0411,130.20000000000002
2024-05,MAT-0412,130.20000000000002
2024-05,MAT-0413,33069.055
2024-05,MAT-0415,41701.13
2024-05,MAT-0416,47681.125
2024-05,MAT-0419,2371.5
2024-05,MAT-0420,2371.5
2024-05,MAT-0421,47784.95
2024-05,MAT-0422,2371.5
2024-05,MAT-0423,2377.7000000000003
2024-05,MAT-0424,2371.5
2024-05,MAT-0426,2371.5
2024-05,MAT-0427,7498.125
2024-05,MAT-0428,68878.43500000001
2024-05,MAT-0431,0.0
2024-06,MAT-0005,0.75
2024-06,MAT-0007,3867.0
2024-06,MAT-0011,5083.5
2024-06,MAT-0012,778.25
2024-06,MAT-0014,0.75
2024-06,MAT-0015,178219.19999999998
2024-06,MAT-0019,6949.5
2024-06,MAT-0021,1485.0
2024-06,MAT-0022,10434.0
2024-06,MAT-0023,11094.0
2024-06,MAT-0024,10434.0
2024-06,MAT-0025,10434.0
2024-06,MAT-0026,10434.0
2024-06,MAT-0028,10449.0
2024-06,MAT-0029,10887.75
2024-06,MAT-0030,10434.0
2024-06,MAT-0031,10434.0
2024-06,MAT-0032,10434.0
2024-06,MAT-0034,14308.25
2024-06,MAT-0035,14476.5
2024-06,MAT-0037,1600.8
2024-06,MAT-0039,2227.5
2024-06,MAT-0040,2227.5
2024-06,MAT-0041,4.92
2024-06,MAT-0043,4.92
2024-06,MAT-0044,1984.92
2024-06,MAT-0045,4.92
2024-06,MAT-0046,34825.8
2024-06,MAT-0048,0.72
2024-06,MAT-0050,19274.25
2024-06,MAT-0051,61063.649999999994
2024-06,MAT-0053,80.25
2024-06,MAT-0055,20060.25
2024-06,MAT-0056,90210.19999999998
2024-06,MAT-0057,4467.0
2024-06,MAT-0058,36.27
2024-06,MAT-0061,742.5
2024-06,MAT-0062,48554.40000000001
2024-06,MAT-0063,3696.875
2024-06,MAT-0064,3566.25
2024-06,MAT-0065,30811.974999999995
2024-06,MAT-0066,2965.5
2024-06,MAT-0067,742.5
2024-06,MAT-0068,3201.75
2024-06,MAT-0071,3711.0
2024-06,MAT-0072,10737.5
2024-06,MAT-0073,3151.8
2024-06,MAT-0074,1143.84
2024-06,MAT-0075,3061.5
2024-06,MAT-0076,249.00000000000003
2024-06,MAT-0077,567.0000000000001
2024-06,MAT-0078,1.5
2024-06,MAT-0079,2583.8999999999996
2024-06,MAT-0080,1057.5
2024-06,MAT-0081,480.0
2024-06,MAT-0085,1091.25
2024-06,MAT-0088,49.68
2024-06,MAT-0089,225.93
2024-06,MAT-0090,49.68
2024-06,MAT-0093,49.68
2024-06,MAT-0095,49.68
2024-06,MAT-0096,6679.5
2024-06,MAT-0097,4436.25
2024-06,MAT-0098,6386.25
2024-06,MAT-0099,72903.75
2024-06,MAT-0100,312.87
2024-06,MAT-0101,5605.5
2024-06,MAT-0103,4291.5
2024-06,MAT-0104,3595.625
2024-06,MAT-0105,3025.2
2024-06,MAT-0106,2857.3999999999996
2024-06,MAT-0109,26458.8
2024-06,MAT-0110,6483.75
2024-06,MAT-0111,5568.75
2024-06,MAT-0112,83403.185
2024-06,MAT-0113,9699.0
2024-06,MAT-0114,11376.0
2024-06,MAT-0115,741.75
2024-06,MAT-0116,2126.05
2024-06,MAT-0118,742.5
2024-06,MAT-0121,6681.0
2024-06,MAT-0122,5933.75
2024-06,MAT-0123,4413.75
2024-06,MAT-0124,1485.0
2024-06,MAT-0125,1485.0
2024-06,MAT-0126,1485.0
2024-06,MAT-0127,1485.0
2024-06,MAT-0130,1485.0
2024-06,MAT-0131,4389.0
2024-06,MAT-0132,1485.0
2024-06,MAT-0133,1485.0
2024-06,MAT-0135,22962.0
2024-06,MAT-0136,20544.75
2024-06,MAT-0137,76422.0
2024-06,MAT-0138,711.75
2024-06,MAT-0139,248.94
2024-06,MAT-0140,248.94
2024-06,MAT-0141,248.94
2024-06,MAT-0146,15864.750000000002
2024-06,MAT-0150,7677.0
2024-06,MAT-0151,68298.28
2024-06,MAT-0153,762.0
2024-06,MAT-0156,11808.52
2024-06,MAT-0162,742.5
2024-06,MAT-0163,3117.1499999999996
2024-06,MAT-0164,12774.375
2024-06,MAT-0165,2091.51
2024-06,MAT-0167,4455.0
2024-06,MAT-0168,247.5
2024-06,MAT-0171,1711.25
2024-06,MAT-0172,701.25
2024-06,MAT-0173,701.25
2024-06,MAT-0174,11788.85
2024-06,MAT-0175,2192.31
2024-06,MAT-0177,116.25
2024-06,MAT-0178,26448.0
2024-06,MAT-0179,664.5
2024-06,MAT-0180,1401.0
2024-06,MAT-0182,3135.0
2024-06,MAT-0183,3060.0
2024-06,MAT-0184,3060.0
2024-06,MAT-0185,3060.0
2024-06,MAT-0186,1533.0
2024-06,MAT-0191,3.0
2024-06,MAT-0192,2350.125
2024-06,MAT-0194,3.0
2024-06,MAT-0197,3.75
2024-06,MAT-0207,3176.25
2024-06,MAT-0210,12713.0
2024-06,MAT-0211,3566.4
2024-06,MAT-0212,2760.75
2024-06,MAT-0213,2760.75
2024-06,MAT-0217,4611.0
2024-06,MAT-0218,10550.4
2024-06,MAT-0221,8706.25
2024-06,MAT-0222,4372.5
2024-06,MAT-0223,0.0
2024-06,MAT-0224,206.4
2024-06,MAT-0225,0.0
2024-06,MAT-0226,0.0
2024-06,MAT-0227,0.0
2024-06,MAT-0228,9197.7
2024-06,MAT-0230,4455.0
2024-06,MAT-0231,2623.5
2024-06,MAT-0232,6682.5
2024-06,MAT-0233,11544.0
2024-06,MAT-0234,103140.15
2024-06,MAT-0236,2014.5
2024-06,MAT-0237,7455.15
2024-06,MAT-0241,2268.8999999999996
2024-06,MAT-0242,4644.900000000001
2024-06,MAT-0243,6264.125
2024-06,MAT-0244,2227.5
2024-06,MAT-0245,2227.5
2024-06,MAT-0246,2887.5
2024-06,MAT-0247,39698.38
2024-06,MAT-0248,296.25
2024-06,MAT-0250,734.9000000000001
2024-06,MAT-0252,1431.75
2024-06,MAT-0253,1431.75
2024-06,MAT-0255,1431.75
2024-06,MAT-0257,154.53
2024-06,MAT-0258,301.44
2024-06,MAT-0260,72.0
2024-06,MAT-0263,5343.75
2024-06,MAT-0265,511.875
2024-06,MAT-0267,13458.75
2024-06,MAT-0268,26278.5
2024-06,MAT-0269,1361.25
2024-06,MAT-0271,5903.32
2024-06,MAT-0272,0.72
2024-06,MAT-0273,11735.5
2024-06,MAT-0274,1620.75
2024-06,MAT-0275,5268.75
2024-06,MAT-0276,1605.75
2024-06,MAT-0283,180.39
2024-06,MAT-0288,3306.75
2024-06,MAT-0289,3306.75
2024-06,MAT-0292,5451.75
2024-06,MAT-0293,3981.75
2024-06,MAT-0295,3306.75
2024-06,MAT-0296,2227.5
2024-06,MAT-0299,54.75
2024-06,MAT-0301,6609.0
2024-06,MAT-0302,19315.569999999996
2024-06,MAT-0303,17864.500000000004
2024-06,MAT-0304,10070.5
2024-06,MAT-0305,6563.73
2024-06,MAT-0306,5429.4
2024-06,MAT-0307,4233.0
2024-06,MAT-0308,9306.75
2024-06,MAT-0309,6555.9349999999995
2024-06,MAT-0310,4233.0
2024-06,MAT-0316,4686.0
2024-06,MAT-0318,11940.0
2024-06,MAT-0319,28998.7
2024-06,MAT-0320,547.25
2024-06,MAT-0321,5941.5
2024-06,MAT-0322,1291.65
2024-06,MAT-0323,6672.75
2024-06,MAT-0327,17776.5
2024-06,MAT-0334,1483.5
2024-06,MAT-0335,150965.5
2024-06,MAT-0336,16319.25
2024-06,MAT-0338,6982.5
2024-06,MAT-0339,1059.75
2024-06,MAT-0340,109001.525
2024-06,MAT-0343,1470.0
2024-06,MAT-0344,7952.875
2024-06,MAT-0345,9258.5
2024-06,MAT-0346,21711.125
2024-06,MAT-0347,204.75
2024-06,MAT-0348,204.75
2024-06,MAT-0349,4659.75
2024-06,MAT-0351,204.75
2024-06,MAT-0354,1936.875
2024-06,MAT-0355,2173.375
2024-06,MAT-0356,4490.400000000001
2024-06,MAT-0357,2536.26
2024-06,MAT-0359,5271.25
2024-06,MAT-0360,678.75
2024-06,MAT-0361,678.75
2024-06,MAT-0363,678.75
2024-06,MAT-0364,1890.625
2024-06,MAT-0365,1117.5
2024-06,MAT-0366,11520.0
2024-06,MAT-0367,1455.4500000000005
2024-06,MAT-0369,242.24999999999997
2024-06,MAT-0371,3961.500000000001
2024-06,MAT-0372,5570.25
2024-06,MAT-0373,2682.75
2024-06,MAT-0374,9629.5
2024-06,MAT-0376,95.25
2024-06,MAT-0380,7648.5
2024-06,MAT-0381,3943.25
2024-06,MAT-0385,19.5
2024-06,MAT-0386,8340.0
2024-06,MAT-0390,26463.3
2024-06,MAT-0392,660.0
2024-06,MAT-0393,2955.75
2024-06,MAT-0394,742.5
2024-06,MAT-0395,16116.000000000002
2024-06,MAT-0396,4844.025000000001
2024-06,MAT-0397,763.5
2024-06,MAT-0398,4014.45
2024-06,MAT-0403,3186.0
2024-06,MAT-0404,8902.61
2024-06,MAT-0405,497.25
2024-06,MAT-0406,128.25
2024-06,MAT-0407,126.0
2024-06,MAT-0408,126.0
2024-06,MAT-0410,126.0
2024-06,MAT-0411,175.5
2024-06,MAT-0412,126.0
2024-06,MAT-0413,34963.35
2024-06,MAT-0415,44778.6
2024-06,MAT-0416,54842.25
2024-06,MAT-0419,11848.5
2024-06,MAT-0420,2295.0
2024-06,MAT-0421,46243.5
2024-06,MAT-0422,2295.0
2024-06,MAT-0423,2301.0
2024-06,MAT-0424,2295.0
2024-06,MAT-0426,2295.0
2024-06,MAT-0427,7256.25
2024-06,MAT-0428,66656.55
2024-06,MAT-0431,0.0
2024-07,MAT-0005,84.775
2024-07,MAT-0007,4584.125
2024-07,MAT-0011,5252.95
2024-07,MAT-0012,1309.0
2024-07,MAT-0014,0.775
2024-07,MAT-0015,193312.15
2024-07,MAT-0019,7181.150000000001
2024-07,MAT-0021,1534.5
2024-07,MAT-0022,10781.8
2024-07,MAT-0023,11463.8
2024-07,MAT-0024,10781.8
2024-07,MAT-0025,10781.8
2024-07,MAT-0026,10781.8
2024-07,MAT-0028,10797.3
2024-07,MAT-0029,11250.675
2024-07,MAT-0030,11010.2
2024-07,MAT-0031,10781.8
2024-07,MAT-0032,10781.8
2024-07,MAT-0034,14800.175
2024-07,MAT-0035,14972.55
2024-07,MAT-0037,2490.4849999999997
2024-07,MAT-0039,2301.75
2024-07,MAT-0040,2301.75
2024-07,MAT-0041,5.0840000000000005
2024-07,MAT-0043,5.0840000000000005
2024-07,MAT-0044,3098.834
2024-07,MAT-0045,5.0840000000000005
2024-07,MAT-0046,38043.385
2024-07,MAT-0048,0.744
2024-07,MAT-0050,20760.7
2024-07,MAT-0051,66755.105
2024-07,MAT-0053,737.425
2024-07,MAT-0055,20728.925
2024-07,MAT-0056,117535.63999999998
2024-07,MAT-0057,6406.150000000001
2024-07,MAT-0058,37.479
2024-07,MAT-0061,767.25
2024-07,MAT-0062,53756.68000000001
2024-07,MAT-0063,3898.25
2024-07,MAT-0064,3685.125
2024-07,MAT-0065,35193.24999999999
2024-07,MAT-0066,3064.35
2024-07,MAT-0067,767.25
2024-07,MAT-0068,4407.625
2024-07,MAT-0071,3860.825
2024-07,MAT-0072,11907.675
2024-07,MAT-0073,3256.86
2024-07,MAT-0074,1224.37
2024-07,MAT-0075,3163.5499999999997
2024-07,MAT-0076,257.3
2024-07,MAT-0077,585.9000000000001
2024-07,MAT-0078,1.55
2024-07,MAT-0079,2670.0299999999997
2024-07,MAT-0080,1092.75
2024-07,MAT-0081,496.0
2024-07,MAT-0085,1310.15
2024-07,MAT-0088,51.336
2024-07,MAT-0089,233.461
2024-07,MAT-0090,51.336
2024-07,MAT-0093,51.336
2024-07,MAT-0095,51.336
2024-07,MAT-0096,6902.150000000001
2024-07,MAT-0097,4584.125
2024-07,MAT-0098,6599.125
2024-07,MAT-0099,99980.6
2024-07,MAT-0100,535.979
2024-07,MAT-0101,5792.349999999999
2024-07,MAT-0103,4434.55
2024-07,MAT-0104,5369.375
2024-07,MAT-0105,3129.45
2024-07,MAT-0106,3586.37
2024-07,MAT-0109,31615.449999999997
2024-07,MAT-0110,7222.75
2024-07,MAT-0111,5754.375
2024-07,MAT-0112,106392.40000000002
2024-07,MAT-0113,10584.95
2024-07,MAT-0114,11755.2
2024-07,MAT-0115,789.85
2024-07,MAT-0116,2373.985
2024-07,MAT-0118,767.25
2024-07,MAT-0121,8363.949999999999
2024-07,MAT-0122,7104.375
2024-07,MAT-0123,4560.875
2024-07,MAT-0124,1534.5
2024-07,MAT-0125,1534.5
2024-07,MAT-0126,1534.5
2024-07,MAT-0127,1534.5
2024-07,MAT-0130,1534.5
2024-07,MAT-0131,4560.875
2024-07,MAT-0132,1534.5
2024-07,MAT-0133,1534.5
2024-07,MAT-0135,24356.325
2024-07,MAT-0136,21229.575
2024-07,MAT-0137,82344.74999999999
2024-07,MAT-0138,735.475
2024-07,MAT-0139,257.238
2024-07,MAT-0140,257.238
2024-07,MAT-0141,257.238
2024-07,MAT-0146,16393.575
2024-07,MAT-0150,7932.900000000001
2024-07,MAT-0151,116177.77000000002
2024-07,MAT-0153,891.9
2024-07,MAT-0156,13759.78
2024-07,MAT-0162,767.25
2024-07,MAT-0163,4210.575
2024-07,MAT-0164,21747.374999999996
2024-07,MAT-0165,5807.674999999999
2024-07,MAT-0167,4603.5
2024-07,MAT-0168,255.75
2024-07,MAT-0171,5751.8150000000005
2024-07,MAT-0172,724.625
2024-07,MAT-0173,724.625
2024-07,MAT-0174,16263.93
2024-07,MAT-0175,5959.535000000001
2024-07,MAT-0177,120.125
2024-07,MAT-0178,27329.6
2024-07,MAT-0179,686.65
2024-07,MAT-0180,1447.7
2024-07,MAT-0182,3368.25
2024-07,MAT-0183,3162.0
2024-07,MAT-0184,3162.0
2024-07,MAT-0185,3162.0
2024-07,MAT-0186,1584.1
2024-07,MAT-0191,3.1
2024-07,MAT-0192,2645.85
2024-07,MAT-0194,3.1
2024-07,MAT-0197,3.875
2024-07,MAT-0207,3665.75
2024-07,MAT-0210,14629.65
2024-07,MAT-0211,4120.055
2024-07,MAT-0212,2852.775
2024-07,MAT-0213,2852.775
2024-07,MAT-0217,4764.7
2024-07,MAT-0218,14472.825
2024-07,MAT-0221,10395.0
2024-07,MAT-0222,4518.25
2024-07,MAT-0223,0.0
2024-07,MAT-0224,264.34999999999997
2024-07,MAT-0225,0.0
2024-07,MAT-0226,0.0
2024-07,MAT-0227,0.0
2024-07,MAT-0228,12296.98
2024-07,MAT-0230,4603.5
2024-07,MAT-0231,7697.25
2024-07,MAT-0232,6905.25
2024-07,MAT-0233,16346.1
2024-07,MAT-0234,113855.48
2024-07,MAT-0236,2081.65
2024-07,MAT-0237,9835.585
2024-07,MAT-0241,2344.5299999999997
2024-07,MAT-0242,4799.7300000000005
2024-07,MAT-0243,10126.675
2024-07,MAT-0244,2301.75
2024-07,MAT-0245,2301.75
2024-07,MAT-0246,2983.75
2024-07,MAT-0247,45151.465
2024-07,MAT-0248,462.875
2024-07,MAT-0250,790.6550000000001
2024-07,MAT-0252,1479.475
2024-07,MAT-0253,1479.475
2024-07,MAT-0255,1479.475
2024-07,MAT-0257,159.68099999999998
2024-07,MAT-0258,311.488
2024-07,MAT-0260,74.39999999999999
2024-07,MAT-0263,6434.675
2024-07,MAT-0265,763.375
2024-07,MAT-0267,14828.075
2024-07,MAT-0268,33016.200000000004
2024-07,MAT-0269,1406.625
2024-07,MAT-0271,6991.69
2024-07,MAT-0272,0.744
2024-07,MAT-0273,12909.63
2024-07,MAT-0274,1674.775
2024-07,MAT-0275,5891.525000000001
2024-07,MAT-0276,1659.275
2024-07,MAT-0283,186.403
2024-07,MAT-0288,3416.975
2024-07,MAT-0289,3416.975
2024-07,MAT-0292,5633.474999999999
2024-07,MAT-0293,4114.474999999999
2024-07,MAT-0295,4357.474999999999
2024-07,MAT-0296,2424.27
2024-07,MAT-0299,56.575
2024-07,MAT-0301,7118.599999999999
2024-07,MAT-0302,26802.854999999996
2024-07,MAT-0303,19306.775
2024-07,MAT-0304,11077.85
2024-07,MAT-0305,11037.645
2024-07,MAT-0306,5610.38
2024-07,MAT-0307,4374.099999999999
2024-07,MAT-0308,14176.54
2024-07,MAT-0309,8695.259999999998
2024-07,MAT-0310,4374.099999999999
2024-07,MAT-0316,4842.2
2024-07,MAT-0318,12338.0
2024-07,MAT-0319,30111.075
2024-07,MAT-0320,1441.07
2024-07,MAT-0321,6139.55
2024-07,MAT-0322,1895.705
2024-07,MAT-0323,6895.175
2024-07,MAT-0327,18841.645
2024-07,MAT-0334,1532.95
2024-07,MAT-0335,195147.75
2024-07,MAT-0336,16863.225000000002
2024-07,MAT-0338,7287.25
2024-07,MAT-0339,1960.875
2024-07,MAT-0340,126788.955
2024-07,MAT-0343,1519.0
2024-07,MAT-0344,10062.075
2024-07,MAT-0345,9701.45
2024-07,MAT-0346,26625.325
2024-07,MAT-0347,211.575
2024-07,MAT-0348,211.575
2024-07,MAT-0349,4815.575
2024-07,MAT-0351,211.575
2024-07,MAT-0354,2158.0499999999997
2024-07,MAT-0355,2410.225
2024-07,MAT-0356,6797.55
2024-07,MAT-0357,2625.08
2024-07,MAT-0359,5475.375
2024-07,MAT-0360,701.375
2024-07,MAT-0361,701.375
2024-07,MAT-0363,701.375
2024-07,MAT-0364,2101.0
2024-07,MAT-0365,1179.75
2024-07,MAT-0366,13532.25
2024-07,MAT-0367,2768.9650000000006
2024-07,MAT-0369,250.325
2024-07,MAT-0371,4213.55
2024-07,MAT-0372,5755.925
2024-07,MAT-0373,2773.975
2024-07,MAT-0374,11174.6
2024-07,MAT-0376,111.925
2024-07,MAT-0380,7903.45
2024-07,MAT-0381,8167.195
2024-07,MAT-0385,20.15
2024-07,MAT-0386,8618.0
2024-07,MAT-0390,27939.41
2024-07,MAT-0392,1028.5
2024-07,MAT-0393,3054.275
2024-07,MAT-0394,767.25
2024-07,MAT-0395,17073.95
2024-07,MAT-0396,5210.325000000001
2024-07,MAT-0397,788.9499999999999
2024-07,MAT-0398,5089.205
2024-07,MAT-0403,6454.2
2024-07,MAT-0404,13305.42
2024-07,MAT-0405,513.8249999999999
2024-07,MAT-0406,132.525
2024-07,MAT-0407,130.20000000000002
2024-07,MAT-0408,130.20000000000002
2024-07,MAT-0410,130.20000000000002
2024-07,MAT-0411,931.825
2024-07,MAT-0412,130.20000000000002
2024-07,MAT-0413,49286.275
2024-07,MAT-0415,47802.145
2024-07,MAT-0416,59144.5
2024-07,MAT-0419,16949.25
2024-07,MAT-0420,2423.75
2024-07,MAT-0421,47784.95
2024-07,MAT-0422,2371.5
2024-07,MAT-0423,3552.03
2024-07,MAT-0424,2371.5
2024-07,MAT-0426,2371.5
2024-07,MAT-0427,7498.125
2024-07,MAT-0428,69472.43500000001
2024-07,MAT-0431,0.0
2024-08,MAT-0005,372.775
2024-08,MAT-0007,4584.125
2024-08,MAT-0011,5252.95
2024-08,MAT-0012,1817.75
2024-08,MAT-0014,842.275
2024-08,MAT-0015,202468.275
2024-08,MAT-0019,7181.150000000001
2024-08,MAT-0021,1534.5
2024-08,MAT-0022,10781.8
2024-08,MAT-0023,11562.8
2024-08,MAT-0024,10781.8
2024-08,MAT-0025,10781.8
2024-08,MAT-0026,10781.8
2024-08,MAT-0028,10797.3
2024-08,MAT-0029,11250.675
2024-08,MAT-0030,11217.36
2024-08,MAT-0031,10781.8
2024-08,MAT-0032,10781.8
2024-08,MAT-0034,14800.175
2024-08,MAT-0035,15005.55
2024-08,MAT-0037,4771.714999999999
2024-08,MAT-0039,2301.75
2024-08,MAT-0040,2301.75
2024-08,MAT-0041,5.0840000000000005
2024-08,MAT-0043,5.0840000000000005
2024-08,MAT-0044,3989.834
2024-08,MAT-0045,5.0840000000000005
2024-08,MAT-0046,43834.885
2024-08,MAT-0048,0.744
2024-08,MAT-0050,20760.7
2024-08,MAT-0051,74525.105
2024-08,MAT-0053,2690.0550000000003
2024-08,MAT-0055,20728.925
2024-08,MAT-0056,143894.38999999998
2024-08,MAT-0057,6406.150000000001
2024-08,MAT-0058,37.479
2024-08,MAT-0061,767.25
2024-08,MAT-0062,54969.47000000001
2024-08,MAT-0063,3898.25
2024-08,MAT-0064,3685.125
2024-08,MAT-0065,36652.12499999999
2024-08,MAT-0066,3064.35
2024-08,MAT-0067,767.25
2024-08,MAT-0068,4719.75
2024-08,MAT-0071,4069.825
2024-08,MAT-0072,12344.925
2024-08,MAT-0073,3256.86
2024-08,MAT-0074,1421.97
2024-08,MAT-0075,3928.55
2024-08,MAT-0076,257.3
2024-08,MAT-0077,906.35
2024-08,MAT-0078,1.55
2024-08,MAT-0079,2670.0299999999997
2024-08,MAT-0080,1092.75
2024-08,MAT-0081,496.0
2024-08,MAT-0085,3374.025
2024-08,MAT-0088,51.336
2024-08,MAT-0089,271.96099999999996
2024-08,MAT-0090,51.336
2024-08,MAT-0093,51.336
2024-08,MAT-0095,51.336
2024-08,MAT-0096,6902.150000000001
2024-08,MAT-0097,4584.125
2024-08,MAT-0098,6599.125
2024-08,MAT-0099,117155.625
2024-08,MAT-0100,830.4590000000001
2024-08,MAT-0101,5792.349999999999
2024-08,MAT-0103,4434.55
2024-08,MAT-0104,6734.75
2024-08,MAT-0105,3255.95
2024-08,MAT-0106,4055.34
2024-08,MAT-0109,33397.549999999996
2024-08,MAT-0110,7447.75
2024-08,MAT-0111,5754.375
2024-08,MAT-0112,129463.395
2024-08,MAT-0113,10584.95
2024-08,MAT-0114,11755.2
2024-08,MAT-0115,809.1
2024-08,MAT-0116,3936.4
2024-08,MAT-0118,767.25
2024-08,MAT-0121,9378.7
2024-08,MAT-0122,8109.375
2024-08,MAT-0123,4560.875
2024-08,MAT-0124,1534.5
2024-08,MAT-0125,1534.5
2024-08,MAT-0126,1534.5
2024-08,MAT-0127,1534.5
2024-08,MAT-0130,1534.5
2024-08,MAT-0131,4560.875
2024-08,MAT-0132,1534.5
2024-08,MAT-0133,1534.5
2024-08,MAT-0135,24851.325
2024-08,MAT-0136,21229.575
2024-08,MAT-0137,82635.15
2024-08,MAT-0138,735.475
2024-08,MAT-0139,257.238
2024-08,MAT-0140,257.238
2024-08,MAT-0141,257.238
2024-08,MAT-0146,16393.575
2024-08,MAT-0150,7932.900000000001
2024-08,MAT-0151,159560.505
2024-08,MAT-0153,957.9
2024-08,MAT-0156,13860.155
2024-08,MAT-0162,782.375
2024-08,MAT-0163,4210.575
2024-08,MAT-0164,24104.85
2024-08,MAT-0165,8704.76
2024-08,MAT-0167,4614.5
2024-08,MAT-0168,255.75
2024-08,MAT-0171,8837.6
2024-08,MAT-0172,724.625
2024-08,MAT-0173,724.625
2024-08,MAT-0174,29782.93
2024-08,MAT-0175,11425.29
2024-08,MAT-0177,120.125
2024-08,MAT-0178,27329.6
2024-08,MAT-0179,686.65
2024-08,MAT-0180,1447.7
2024-08,MAT-0182,3627.0
2024-08,MAT-0183,3162.0
2024-08,MAT-0184,3162.0
2024-08,MAT-0185,3162.0
2024-08,MAT-0186,1630.6
2024-08,MAT-0191,3.1
2024-08,MAT-0192,2645.85
2024-08,MAT-0194,3.1
2024-08,MAT-0197,3.875
2024-08,MAT-0207,3665.75
2024-08,MAT-0210,15934.525
2024-08,MAT-0211,4763.555
2024-08,MAT-0212,2852.775
2024-08,MAT-0213,2852.775
2024-08,MAT-0217,4764.7
2024-08,MAT-0218,16221.835000000005
2024-08,MAT-0221,11673.75
2024-08,MAT-0222,4518.25
2024-08,MAT-0223,0.0
2024-08,MAT-0224,587.745
2024-08,MAT-0225,0.0
2024-08,MAT-0226,0.0
2024-08,MAT-0227,0.0
2024-08,MAT-0228,16603.57
2024-08,MAT-0230,4603.5
2024-08,MAT-0231,8439.75
2024-08,MAT-0232,6905.25
2024-08,MAT-0233,18977.1
2024-08,MAT-0234,121457.855
2024-08,MAT-0236,2081.65
2024-08,MAT-0237,12870.21
2024-08,MAT-0241,2344.5299999999997
2024-08,MAT-0242,4799.7300000000005
2024-08,MAT-0243,16897.375
2024-08,MAT-0244,2301.75
2024-08,MAT-0245,2301.75
2024-08,MAT-0246,2983.75
2024-08,MAT-0247,51353.995
2024-08,MAT-0248,561.875
2024-08,MAT-0250,1062.905
2024-08,MAT-0252,1479.475
2024-08,MAT-0253,1479.475
2024-08,MAT-0255,1479.475
2024-08,MAT-0257,159.68099999999998
2024-08,MAT-0258,311.488
2024-08,MAT-0260,74.39999999999999
2024-08,MAT-0263,8966.855000000001
2024-08,MAT-0265,763.375
2024-08,MAT-0267,14828.075
2024-08,MAT-0268,36428.7
2024-08,MAT-0269,1431.375
2024-08,MAT-0271,7052.19
2024-08,MAT-0272,0.744
2024-08,MAT-0273,14600.095
2024-08,MAT-0274,1674.775
2024-08,MAT-0275,11707.775
2024-08,MAT-0276,1659.275
2024-08,MAT-0283,186.403
2024-08,MAT-0288,3416.975
2024-08,MAT-0289,3416.975
2024-08,MAT-0292,6153.224999999999
2024-08,MAT-0293,4114.474999999999
2024-08,MAT-0295,5718.724999999999
2024-08,MAT-0296,2515.0299999999997
2024-08,MAT-0299,56.575
2024-08,MAT-0301,7602.599999999999
2024-08,MAT-0302,33477.715
2024-08,MAT-0303,19878.025
2024-08,MAT-0304,11077.85
2024-08,MAT-0305,15158.535
2024-08,MAT-0306,5610.38
2024-08,MAT-0307,4884.099999999999
2024-08,MAT-0308,14649.78
2024-08,MAT-0309,8811.909999999998
2024-08,MAT-0310,4374.099999999999
2024-08,MAT-0316,4842.2
2024-08,MAT-0318,12338.0
2024-08,MAT-0319,30111.075
2024-08,MAT-0320,3180.5299999999997
2024-08,MAT-0321,6139.55
2024-08,MAT-0322,2059.3300000000004
2024-08,MAT-0323,6895.175
2024-08,MAT-0327,22921.13
2024-08,MAT-0334,2201.2000000000003
2024-08,MAT-0335,235312.925
2024-08,MAT-0336,17105.225000000002
2024-08,MAT-0338,7587.25
2024-08,MAT-0339,1984.775
2024-08,MAT-0340,134494.58500000002
2024-08,MAT-0343,1519.0
2024-08,MAT-0344,10975.075
2024-08,MAT-0345,10547.7
2024-08,MAT-0346,26724.325
2024-08,MAT-0347,211.575
2024-08,MAT-0348,211.575
2024-08,MAT-0349,6204.174999999999
2024-08,MAT-0351,211.575
2024-08,MAT-0354,5774.3
2024-08,MAT-0355,2480.35
2024-08,MAT-0356,8253.285
2024-08,MAT-0357,2630.58
2024-08,MAT-0359,5475.375
2024-08,MAT-0360,701.375
2024-08,MAT-0361,701.375
2024-08,MAT-0363,701.375
2024-08,MAT-0364,2429.625
2024-08,MAT-0365,1271.0
2024-08,MAT-0366,16164.75
2024-08,MAT-0367,4961.095
2024-08,MAT-0369,250.325
2024-08,MAT-0371,4837.55
2024-08,MAT-0372,5755.925
2024-08,MAT-0373,2790.7749999999996
2024-08,MAT-0374,12907.1
2024-08,MAT-0376,888.9250000000001
2024-08,MAT-0380,7903.45
2024-08,MAT-0381,33973.305
2024-08,MAT-0385,20.15
2024-08,MAT-0386,8618.0
2024-08,MAT-0390,42937.91
2024-08,MAT-0392,1449.25
2024-08,MAT-0393,3094.15
2024-08,MAT-0394,767.25
2024-08,MAT-0395,18459.95
2024-08,MAT-0396,5210.325000000001
2024-08,MAT-0397,788.9499999999999
2024-08,MAT-0398,6392.045
2024-08,MAT-0403,6454.2
2024-08,MAT-0404,18878.42
2024-08,MAT-0405,513.8249999999999
2024-08,MAT-0406,763.65
2024-08,MAT-0407,130.20000000000002
2024-08,MAT-0408,130.20000000000002
2024-08,MAT-0410,130.20000000000002
2024-08,MAT-0411,1457.075
2024-08,MAT-0412,130.20000000000002
2024-08,MAT-0413,71238.86000000002
2024-08,MAT-0415,53324.145
2024-08,MAT-0416,59713.75
2024-08,MAT-0419,16949.25
2024-08,MAT-0420,2456.75
2024-08,MAT-0421,47784.95
2024-08,MAT-0422,2371.5
2024-08,MAT-0423,7066.76
2024-08,MAT-0424,2371.5
2024-08,MAT-0426,2371.5
2024-08,MAT-0427,7498.125
2024-08,MAT-0428,70401.93500000001
2024-08,MAT-0431,0.0
2024-09,MAT-0005,360.75
2024-09,MAT-0007,5574.75
2024-09,MAT-0011,5083.5
2024-09,MAT-0012,4684.76
2024-09,MAT-0014,4455.75
2024-09,MAT-0015,197860.0
2024-09,MAT-0019,6949.5
2024-09,MAT-0021,1485.0
2024-09,MAT-0022,10434.0
2024-09,MAT-0023,11259.0
2024-09,MAT-0024,10434.0
2024-09,MAT-0025,10434.0
2024-09,MAT-0026,10434.0
2024-09,MAT-0028,10449.0
2024-09,MAT-0029,10887.75
2024-09,MAT-0030,10868.675
2024-09,MAT-0031,10434.0
2024-09,MAT-0032,12015.0
2024-09,MAT-0034,14322.75
2024-09,MAT-0035,16798.5
2024-09,MAT-0037,8433.43
2024-09,MAT-0039,2227.5
2024-09,MAT-0040,2227.5
2024-09,MAT-0041,840.9200000000001
2024-09,MAT-0043,4.92
2024-09,MAT-0044,5177.67
2024-09,MAT-0045,4.92
2024-09,MAT-0046,44948.55
2024-09,MAT-0048,0.72
2024-09,MAT-0050,20091.0
2024-09,MAT-0051,78698.65
2024-09,MAT-0053,7648.46
2024-09,MAT-0055,20060.25
2024-09,MAT-0056,162372.97499999998
2024-09,MAT-0057,6199.5
2024-09,MAT-0058,36.27
2024-09,MAT-0061,742.5
2024-09,MAT-0062,54469.95
2024-09,MAT-0063,3772.5
2024-09,MAT-0064,3566.25
2024-09,MAT-0065,38597.12499999999
2024-09,MAT-0066,2965.5
2024-09,MAT-0067,742.5
2024-09,MAT-0068,4567.5
2024-09,MAT-0071,5666.25
2024-09,MAT-0072,11990.125
2024-09,MAT-0073,3151.8
2024-09,MAT-0074,1479.0000000000002
2024-09,MAT-0075,4591.5
2024-09,MAT-0076,249.00000000000003
2024-09,MAT-0077,1471.8
2024-09,MAT-0078,1.5
2024-09,MAT-0079,2583.8999999999996
2024-09,MAT-0080,1057.5
2024-09,MAT-0081,480.0
2024-09,MAT-0085,6459.400000000001
2024-09,MAT-0088,49.68
2024-09,MAT-0089,663.18
2024-09,MAT-0090,49.68
2024-09,MAT-0093,49.68
2024-09,MAT-0095,49.68
2024-09,MAT-0096,6745.5
2024-09,MAT-0097,4436.25
2024-09,MAT-0098,9777.14
2024-09,MAT-0099,123946.61
2024-09,MAT-0100,803.6700000000001
2024-09,MAT-0101,5605.5
2024-09,MAT-0103,4291.5
2024-09,MAT-0104,7635.375
2024-09,MAT-0105,3193.4999999999995
2024-09,MAT-0106,3985.2
2024-09,MAT-0109,32919.0
2024-09,MAT-0110,7207.5
2024-09,MAT-0111,5568.75
2024-09,MAT-0112,136067.355
2024-09,MAT-0113,10243.5
2024-09,MAT-0114,11376.0
2024-09,MAT-0115,783.0
2024-09,MAT-0116,4585.2
2024-09,MAT-0118,742.5
2024-09,MAT-0121,11432.575
2024-09,MAT-0122,9673.75
2024-09,MAT-0123,4413.75
2024-09,MAT-0124,1485.0
2024-09,MAT-0125,1485.0
2024-09,MAT-0126,1485.0
2024-09,MAT-0127,1485.0
2024-09,MAT-0130,1485.0
2024-09,MAT-0131,4413.75
2024-09,MAT-0132,1485.0
2024-09,MAT-0133,1485.0
2024-09,MAT-0135,24141.75
2024-09,MAT-0136,20544.75
2024-09,MAT-0137,79969.49999999999
2024-09,MAT-0138,711.75
2024-09,MAT-0139,248.94
2024-09,MAT-0140,248.94
2024-09,MAT-0141,248.94
2024-09,MAT-0146,15864.750000000002
2024-09,MAT-0150,7677.0
2024-09,MAT-0151,170034.90000000002
2024-09,MAT-0153,961.375
2024-09,MAT-0156,16131.65
2024-09,MAT-0162,1031.3
2024-09,MAT-0163,4074.749999999999
2024-09,MAT-0164,24061.229999999996
2024-09,MAT-0165,12161.3
2024-09,MAT-0167,4515.5
2024-09,MAT-0168,247.5
2024-09,MAT-0171,10399.975
2024-09,MAT-0172,701.25
2024-09,MAT-0173,701.25
2024-09,MAT-0174,29810.275
2024-09,MAT-0175,14459.1
2024-09,MAT-0177,116.25
2024-09,MAT-0178,26448.0
2024-09,MAT-0179,664.5
2024-09,MAT-0180,1401.0
2024-09,MAT-0182,3510.0
2024-09,MAT-0183,3060.0
2024-09,MAT-0184,4099.5
2024-09,MAT-0185,3060.0
2024-09,MAT-0186,1578.0
2024-09,MAT-0191,3.0
2024-09,MAT-0192,2560.5
2024-09,MAT-0194,3.0
2024-09,MAT-0197,3.75
2024-09,MAT-0207,3713.875
2024-09,MAT-0210,16761.0
2024-09,MAT-0211,6271.15
2024-09,MAT-0212,2760.75
2024-09,MAT-0213,2760.75
2024-09,MAT-0217,4611.0
2024-09,MAT-0218,15698.550000000005
2024-09,MAT-0221,11625.0
2024-09,MAT-0222,4372.5
2024-09,MAT-0223,0.0
2024-09,MAT-0224,1650.6
2024-09,MAT-0225,99.0
2024-09,MAT-0226,334.26000000000005
2024-09,MAT-0227,0.0
2024-09,MAT-0228,18256.35
2024-09,MAT-0230,4455.0
2024-09,MAT-0231,8167.5
2024-09,MAT-0232,6682.5
2024-09,MAT-0233,20106.0
2024-09,MAT-0234,138961.5
2024-09,MAT-0236,2014.5
2024-09,MAT-0237,17278.675
2024-09,MAT-0241,2268.8999999999996
2024-09,MAT-0242,4644.900000000001
2024-09,MAT-0243,20670.85
2024-09,MAT-0244,2227.5
2024-09,MAT-0245,2227.5
2024-09,MAT-0246,2887.5
2024-09,MAT-0247,53837.85
2024-09,MAT-0248,543.75
2024-09,MAT-0250,10780.65
2024-09,MAT-0252,1431.75
2024-09,MAT-0253,1431.75
2024-09,MAT-0255,1431.75
2024-09,MAT-0257,154.53
2024-09,MAT-0258,301.44
2024-09,MAT-0260,72.0
2024-09,MAT-0263,12206.15
2024-09,MAT-0265,738.75
2024-09,MAT-0267,14349.75
2024-09,MAT-0268,37632.0
2024-09,MAT-0269,1732.5
2024-09,MAT-0271,6824.7
2024-09,MAT-0272,0.72
2024-09,MAT-0273,14883.6
2024-09,MAT-0274,1620.75
2024-09,MAT-0275,30384.35
2024-09,MAT-0276,1605.75
2024-09,MAT-0283,180.39
2024-09,MAT-0288,3306.75
2024-09,MAT-0289,3306.75
2024-09,MAT-0292,6194.25
2024-09,MAT-0293,3981.75
2024-09,MAT-0295,5534.25
2024-09,MAT-0296,4947.4
2024-09,MAT-0299,54.75
2024-09,MAT-0301,7368.0
2024-09,MAT-0302,34082.89
2024-09,MAT-0303,19933.250000000004
2024-09,MAT-0304,10720.5
2024-09,MAT-0305,15050.425
2024-09,MAT-0306,5429.4
2024-09,MAT-0307,4998.0
2024-09,MAT-0308,14431.775
2024-09,MAT-0309,10237.8
2024-09,MAT-0310,4233.0
2024-09,MAT-0316,4686.0
2024-09,MAT-0318,11940.0
2024-09,MAT-0319,29139.75
2024-09,MAT-0320,5200.25
2024-09,MAT-0321,5941.5
2024-09,MAT-0322,1992.9
2024-09,MAT-0323,6672.75
2024-09,MAT-0327,26397.4
2024-09,MAT-0334,2226.0
2024-09,MAT-0335,263139.8
2024-09,MAT-0336,17138.75
2024-09,MAT-0338,7342.5
2024-09,MAT-0339,1920.75
2024-09,MAT-0340,139680.30000000002
2024-09,MAT-0343,1470.0
2024-09,MAT-0344,12011.875
2024-09,MAT-0345,10799.75
2024-09,MAT-0346,26679.0
2024-09,MAT-0347,204.75
2024-09,MAT-0348,204.75
2024-09,MAT-0349,7632.749999999999
2024-09,MAT-0351,204.75
2024-09,MAT-0354,19989.359999999997
2024-09,MAT-0355,2403.0
2024-09,MAT-0356,8516.425000000001
2024-09,MAT-0357,2554.7749999999996
2024-09,MAT-0359,5298.75
2024-09,MAT-0360,678.75
2024-09,MAT-0361,678.75
2024-09,MAT-0363,1173.75
2024-09,MAT-0364,2534.125
2024-09,MAT-0365,1230.0
2024-09,MAT-0366,18112.5
2024-09,MAT-0367,7230.03
2024-09,MAT-0369,242.24999999999997
2024-09,MAT-0371,4681.5
2024-09,MAT-0372,5570.25
2024-09,MAT-0373,2702.85
2024-09,MAT-0374,17436.75
2024-09,MAT-0376,860.25
2024-09,MAT-0380,7648.5
2024-09,MAT-0381,65114.399999999994
2024-09,MAT-0385,19.5
2024-09,MAT-0386,8362.0
2024-09,MAT-0390,47008.5
2024-09,MAT-0392,2541.0
2024-09,MAT-0393,2997.0
2024-09,MAT-0394,5142.61
2024-09,MAT-0395,19605.75
2024-09,MAT-0396,5042.250000000001
2024-09,MAT-0397,763.5
2024-09,MAT-0398,6185.849999999999
2024-09,MAT-0403,6246.0
2024-09,MAT-0404,22182.25
2024-09,MAT-0405,497.25
2024-09,MAT-0406,829.5
2024-09,MAT-0407,126.0
2024-09,MAT-0408,126.0
2024-09,MAT-0410,1182.0
2024-09,MAT-0411,2155.5
2024-09,MAT-0412,126.0
2024-09,MAT-0413,87379.85
2024-09,MAT-0415,56496.35
2024-09,MAT-0416,57787.5
2024-09,MAT-0419,16402.5
2024-09,MAT-0420,2377.5
2024-09,MAT-0421,46243.5
2024-09,MAT-0422,2295.0
2024-09,MAT-0423,7234.8
2024-09,MAT-0424,2295.0
2024-09,MAT-0426,2295.0
2024-09,MAT-0427,7256.25
2024-09,MAT-0428,82389.3
2024-09,MAT-0431,0.0
2024-10,MAT-0005,372.775
2024-10,MAT-0007,6118.625
2024-10,MAT-0011,5252.95
2024-10,MAT-0012,9307.53
2024-10,MAT-0014,4604.275000000001
2024-10,MAT-0015,205131.65
2024-10,MAT-0019,7181.150000000001
2024-10,MAT-0021,1534.5
2024-10,MAT-0022,10781.8
2024-10,MAT-0023,11634.3
2024-10,MAT-0024,11153.05
2024-10,MAT-0025,10781.8
2024-10,MAT-0026,10781.8
2024-10,MAT-0028,10797.3
2024-10,MAT-0029,11250.675
2024-10,MAT-0030,11365.485
2024-10,MAT-0031,10781.8
2024-10,MAT-0032,16977.75
2024-10,MAT-0034,14800.175
2024-10,MAT-0035,18074.55
2024-10,MAT-0037,17355.87
2024-10,MAT-0039,2301.75
2024-10,MAT-0040,2302.65
2024-10,MAT-0041,5331.834
2024-10,MAT-0043,5.0840000000000005
2024-10,MAT-0044,6607.834
2024-10,MAT-0045,5.0840000000000005
2024-10,MAT-0046,49403.635
2024-10,MAT-0048,0.744
2024-10,MAT-0050,20760.7
2024-10,MAT-0051,84007.605
2024-10,MAT-0053,9977.735
2024-10,MAT-0055,20728.925
2024-10,MAT-0056,185390.015
2024-10,MAT-0057,6406.150000000001
2024-10,MAT-0058,37.479
2024-10,MAT-0061,767.25
2024-10,MAT-0062,59087.865000000005
2024-10,MAT-0063,3898.25
2024-10,MAT-0064,3685.125
2024-10,MAT-0065,40749.62499999999
2024-10,MAT-0066,3064.35
2024-10,MAT-0067,767.25
2024-10,MAT-0068,6659.875
2024-10,MAT-0071,6008.575
2024-10,MAT-0072,12580.05
2024-10,MAT-0073,3383.9100000000003
2024-10,MAT-0074,1817.2000000000005
2024-10,MAT-0075,5484.05
2024-10,MAT-0076,257.3
2024-10,MAT-0077,2056.2000000000003
2024-10,MAT-0078,1.55
2024-10,MAT-0079,2670.0299999999997
2024-10,MAT-0080,1092.75
2024-10,MAT-0081,496.0
2024-10,MAT-0085,9164.02
2024-10,MAT-0088,51.336
2024-10,MAT-0089,1043.336
2024-10,MAT-0090,51.336
2024-10,MAT-0093,472.086
2024-10,MAT-0095,316.94599999999997
2024-10,MAT-0096,7157.900000000001
2024-10,MAT-0097,4584.125
2024-10,MAT-0098,18640.465
2024-10,MAT-0099,144748.155
2024-10,MAT-0100,1805.519
2024-10,MAT-0101,5792.349999999999
2024-10,MAT-0103,4434.55
2024-10,MAT-0104,12142.625
2024-10,MAT-0105,3657.45
2024-10,MAT-0106,4737.339999999999
2024-10,MAT-0109,34065.799999999996
2024-10,MAT-0110,7549.0
2024-10,MAT-0111,5754.375
2024-10,MAT-0112,150697.19999999998
2024-10,MAT-0113,10584.95
2024-10,MAT-0114,11755.2
2024-10,MAT-0115,809.1
2024-10,MAT-0116,7950.17
2024-10,MAT-0118,767.25
2024-10,MAT-0121,14772.750000000002
2024-10,MAT-0122,10294.375
2024-10,MAT-0123,4560.875
2024-10,MAT-0124,1534.5
2024-10,MAT-0125,1534.5
2024-10,MAT-0126,1534.5
2024-10,MAT-0127,1534.5
2024-10,MAT-0130,1534.5
2024-10,MAT-0131,4560.875
2024-10,MAT-0132,1534.5
2024-10,MAT-0133,1707.75
2024-10,MAT-0135,24984.7
2024-10,MAT-0136,21229.575
2024-10,MAT-0137,82635.15
2024-10,MAT-0138,735.475
2024-10,MAT-0139,257.238
2024-10,MAT-0140,257.238
2024-10,MAT-0141,257.238
2024-10,MAT-0146,16393.575
2024-10,MAT-0150,7932.900000000001
2024-10,MAT-0151,177610.13
2024-10,MAT-0153,1000.525
2024-10,MAT-0156,20491.78
2024-10,MAT-0162,2344.685
2024-10,MAT-0163,4210.575
2024-10,MAT-0164,25694.504999999997
2024-10,MAT-0165,16205.4
2024-10,MAT-0167,4688.75
2024-10,MAT-0168,255.75
2024-10,MAT-0171,13644.59
2024-10,MAT-0172,724.625
2024-10,MAT-0173,724.625
2024-10,MAT-0174,30825.005
2024-10,MAT-0175,20727.345
2024-10,MAT-0177,120.125
2024-10,MAT-0178,27329.6
2024-10,MAT-0179,686.65
2024-10,MAT-0180,1447.7
2024-10,MAT-0182,3642.0
2024-10,MAT-0183,3285.66
2024-10,MAT-0184,7098.15
2024-10,MAT-0185,3228.0
2024-10,MAT-0186,1630.6
2024-10,MAT-0191,3.1
2024-10,MAT-0192,2645.85
2024-10,MAT-0194,3.1
2024-10,MAT-0197,39.875
2024-10,MAT-0207,6095.375
2024-10,MAT-0210,18405.4
2024-10,MAT-0211,8379.96
2024-10,MAT-0212,22206.15
2024-10,MAT-0213,2852.775
2024-10,MAT-0217,7085.4
2024-10,MAT-0218,16221.835000000005
2024-10,MAT-0221,12880.0
2024-10,MAT-0222,4518.25
2024-10,MAT-0223,18.36
2024-10,MAT-0224,3033.87
2024-10,MAT-0225,170.5
2024-10,MAT-0226,429.455
2024-10,MAT-0227,0.0
2024-10,MAT-0228,19350.82
2024-10,MAT-0230,4603.5
2024-10,MAT-0231,8439.75
2024-10,MAT-0232,6905.25
2024-10,MAT-0233,24005.1
2024-10,MAT-0234,163560.795
2024-10,MAT-0236,2081.65
2024-10,MAT-0237,21232.96
2024-10,MAT-0241,2344.5299999999997
2024-10,MAT-0242,4799.7300000000005
2024-10,MAT-0243,22683.175
2024-10,MAT-0244,2301.75
2024-10,MAT-0245,2301.75
2024-10,MAT-0246,2983.75
2024-10,MAT-0247,61769.62
2024-10,MAT-0248,561.875
2024-10,MAT-0250,16450.53
2024-10,MAT-0252,1479.475
2024-10,MAT-0253,1479.475
2024-10,MAT-0255,1483.615
2024-10,MAT-0257,159.68099999999998
2024-10,MAT-0258,311.488
2024-10,MAT-0260,74.39999999999999
2024-10,MAT-0263,12627.23
2024-10,MAT-0265,763.375
2024-10,MAT-0267,18136.325
2024-10,MAT-0268,43781.7
2024-10,MAT-0269,1790.25
2024-10,MAT-0271,7052.19
2024-10,MAT-0272,8.304
2024-10,MAT-0273,17644.345
2024-10,MAT-0274,1674.775
2024-10,MAT-0275,38390.600000000006
2024-10,MAT-0276,1659.275
2024-10,MAT-0283,186.403
2024-10,MAT-0288,3416.975
2024-10,MAT-0289,3416.975
2024-10,MAT-0292,6455.724999999999
2024-10,MAT-0293,4114.474999999999
2024-10,MAT-0295,5718.724999999999
2024-10,MAT-0296,7652.03
2024-10,MAT-0299,56.575
2024-10,MAT-0301,7613.599999999999
2024-10,MAT-0302,37856.29
2024-10,MAT-0303,21420.525
2024-10,MAT-0304,11077.85
2024-10,MAT-0305,15968.41
2024-10,MAT-0306,5610.38
2024-10,MAT-0307,5164.599999999999
2024-10,MAT-0308,16282.105
2024-10,MAT-0309,13939.444999999998
2024-10,MAT-0310,4374.099999999999
2024-10,MAT-0316,4842.2
2024-10,MAT-0318,12338.0
2024-10,MAT-0319,30111.075
2024-10,MAT-0320,10401.355
2024-10,MAT-0321,6139.55
2024-10,MAT-0322,2059.3300000000004
2024-10,MAT-0323,7583.0
2024-10,MAT-0327,30007.63
2024-10,MAT-0334,2300.2000000000003
2024-10,MAT-0335,341248.5
2024-10,MAT-0336,18397.725
2024-10,MAT-0338,7587.25
2024-10,MAT-0339,1984.775
2024-10,MAT-0340,152258.23500000002
2024-10,MAT-0343,1519.0
2024-10,MAT-0344,14544.575
2024-10,MAT-0345,11398.95
2024-10,MAT-0346,35807.575000000004
2024-10,MAT-0347,211.575
2024-10,MAT-0348,211.575
2024-10,MAT-0349,7887.174999999999
2024-10,MAT-0351,211.575
2024-10,MAT-0354,26202.83
2024-10,MAT-0355,2492.725
2024-10,MAT-0356,9568.615
2024-10,MAT-0357,2732.205
2024-10,MAT-0359,5475.375
2024-10,MAT-0360,703.715
2024-10,MAT-0361,2064.875
2024-10,MAT-0363,6158.355
2024-10,MAT-0364,2728.0
2024-10,MAT-0365,1286.0
2024-10,MAT-0366,19832.25
2024-10,MAT-0367,7827.299999999999
2024-10,MAT-0369,250.325
2024-10,MAT-0371,5629.55
2024-10,MAT-0372,5755.925
2024-10,MAT-0373,2812.475
2024-10,MAT-0374,20777.6
2024-10,MAT-0376,11445.925
2024-10,MAT-0380,7903.45
2024-10,MAT-0381,75006.135
2024-10,MAT-0385,20.15
2024-10,MAT-0386,8703.25
2024-10,MAT-0390,49420.61
2024-10,MAT-0392,4518.25
2024-10,MAT-0393,3096.9
2024-10,MAT-0394,8397.28
2024-10,MAT-0395,22601.45
2024-10,MAT-0396,5210.325000000001
2024-10,MAT-0397,788.9499999999999
2024-10,MAT-0398,7071.245
2024-10,MAT-0403,6454.2
2024-10,MAT-0404,27516.52
2024-10,MAT-0405,513.8249999999999
2024-10,MAT-0406,857.15
2024-10,MAT-0407,130.20000000000002
2024-10,MAT-0408,130.20000000000002
2024-10,MAT-0410,14025.475
2024-10,MAT-0411,3050.7000000000003
2024-10,MAT-0412,130.20000000000002
2024-10,MAT-0413,95622.235
2024-10,MAT-0415,64843.91
2024-10,MAT-0416,59713.75
2024-10,MAT-0419,18490.9
2024-10,MAT-0420,2456.75
2024-10,MAT-0421,47784.95
2024-10,MAT-0422,2371.5
2024-10,MAT-0423,8304.26
2024-10,MAT-0424,2371.5
2024-10,MAT-0426,3060.0
2024-10,MAT-0427,7498.125
2024-10,MAT-0428,92355.185
2024-10,MAT-0431,0.0
2024-11,MAT-0005,360.75
2024-11,MAT-0007,5921.25
2024-11,MAT-0011,5092.5
2024-11,MAT-0012,13211.15
2024-11,MAT-0014,4455.75
2024-11,MAT-0015,198514.5
2024-11,MAT-0019,6973.1
2024-11,MAT-0021,1485.0
2024-11,MAT-0022,10434.0
2024-11,MAT-0023,11259.0
2024-11,MAT-0024,12438.75
2024-11,MAT-0025,10434.0
2024-11,MAT-0026,10731.0
2024-11,MAT-0028,10449.0
2024-11,MAT-0029,10887.75
2024-11,MAT-0030,11645.55
2024-11,MAT-0031,10434.0
2024-11,MAT-0032,18822.75
2024-11,MAT-0034,14322.75
2024-11,MAT-0035,21310.9
2024-11,MAT-0037,21959.445
2024-11,MAT-0039,2227.5
2024-11,MAT-0040,2236.5
2024-11,MAT-0041,5614.92
2024-11,MAT-0043,4.92
2024-11,MAT-0044,7215.42
2024-11,MAT-0045,4.92
2024-11,MAT-0046,50492.55
2024-11,MAT-0048,0.72
2024-11,MAT-0050,20091.0
2024-11,MAT-0051,85741.15
2024-11,MAT-0053,9748.05
2024-11,MAT-0055,20060.25
2024-11,MAT-0056,194359.275
2024-11,MAT-0057,6199.5
2024-11,MAT-0058,36.27
2024-11,MAT-0061,742.5
2024-11,MAT-0062,67076.14
2024-11,MAT-0063,3772.5
2024-11,MAT-0064,3566.25
2024-11,MAT-0065,40575.74999999999
2024-11,MAT-0066,2965.5
2024-11,MAT-0067,742.5
2024-11,MAT-0068,9813.0
2024-11,MAT-0071,9700.5
2024-11,MAT-0072,12368.25
2024-11,MAT-0073,3325.05
2024-11,MAT-0074,2018.28
2024-11,MAT-0075,6864.6
2024-11,MAT-0076,249.00000000000003
2024-11,MAT-0077,2715.9
2024-11,MAT-0078,1.5
2024-11,MAT-0079,2583.8999999999996
2024-11,MAT-0080,1057.5
2024-11,MAT-0081,556.5
2024-11,MAT-0085,10826.275
2024-11,MAT-0088,49.68
2024-11,MAT-0089,1009.68
2024-11,MAT-0090,49.68
2024-11,MAT-0093,792.18
2024-11,MAT-0095,431.28
2024-11,MAT-0096,6927.0
2024-11,MAT-0097,4436.25
2024-11,MAT-0098,20964.45
2024-11,MAT-0099,157422.4
2024-11,MAT-0100,2206.77
2024-11,MAT-0101,5605.5
2024-11,MAT-0103,4291.5
2024-11,MAT-0104,17655.0
2024-11,MAT-0105,3605.999999999999
2024-11,MAT-0106,8390.699999999999
2024-11,MAT-0109,34651.5
2024-11,MAT-0110,7545.0
2024-11,MAT-0111,5568.75
2024-11,MAT-0112,148971.0
2024-11,MAT-0113,10243.5
2024-11,MAT-0114,11378.4
2024-11,MAT-0115,783.0
2024-11,MAT-0116,8992.6
2024-11,MAT-0118,878.625
2024-11,MAT-0121,14847.000000000002
2024-11,MAT-0122,10948.75
2024-11,MAT-0123,4431.75
2024-11,MAT-0124,1485.0
2024-11,MAT-0125,1485.0
2024-11,MAT-0126,1534.5
2024-11,MAT-0127,1485.0
2024-11,MAT-0130,1485.0
2024-11,MAT-0131,4413.75
2024-11,MAT-0132,1485.0
2024-11,MAT-0133,2227.5
2024-11,MAT-0135,24216.0
2024-11,MAT-0136,20544.75
2024-11,MAT-0137,79969.49999999999
2024-11,MAT-0138,711.75
2024-11,MAT-0139,248.94
2024-11,MAT-0140,248.94
2024-11,MAT-0141,248.94
2024-11,MAT-0146,15864.750000000002
2024-11,MAT-0150,7677.0
2024-11,MAT-0151,172365.52500000002
2024-11,MAT-0153,968.25
2024-11,MAT-0156,20982.65
2024-11,MAT-0162,2269.05
2024-11,MAT-0163,4074.749999999999
2024-11,MAT-0164,28622.15
2024-11,MAT-0165,20345.63
2024-11,MAT-0167,4537.5
2024-11,MAT-0168,247.5
2024-11,MAT-0171,16841.45
2024-11,MAT-0172,701.25
2024-11,MAT-0173,701.25
2024-11,MAT-0174,29830.65
2024-11,MAT-0175,23666.1
2024-11,MAT-0177,116.25
2024-11,MAT-0178,26477.2
2024-11,MAT-0179,664.5
2024-11,MAT-0180,1401.0
2024-11,MAT-0182,3607.5
2024-11,MAT-0183,3266.1000000000004
2024-11,MAT-0184,13659.25
2024-11,MAT-0185,3783.0
2024-11,MAT-0186,1605.0
2024-11,MAT-0191,3.0
2024-11,MAT-0192,2560.5
2024-11,MAT-0194,3.0
2024-11,MAT-0197,602.25
2024-11,MAT-0207,9314.25
2024-11,MAT-0210,18760.25
2024-11,MAT-0211,9983.81
2024-11,MAT-0212,32926.975
2024-11,MAT-0213,2760.75
2024-11,MAT-0217,7638.0
2024-11,MAT-0218,15705.450000000004
2024-11,MAT-0221,16063.5
2024-11,MAT-0222,4372.5
2024-11,MAT-0223,30.6
2024-11,MAT-0224,3704.85
2024-11,MAT-0225,165.0
2024-11,MAT-0226,430.65
2024-11,MAT-0227,915.75
2024-11,MAT-0228,18726.6
2024-11,MAT-0230,4455.0
2024-11,MAT-0231,8167.5
2024-11,MAT-0232,6700.375
2024-11,MAT-0233,25442.6
2024-11,MAT-0234,178385.99
2024-11,MAT-0236,2014.5
2024-11,MAT-0237,22128.3
2024-11,MAT-0241,2268.8999999999996
2024-11,MAT-0242,4644.900000000001
2024-11,MAT-0243,24960.625
2024-11,MAT-0244,2301.78
2024-11,MAT-0245,2227.5
2024-11,MAT-0246,2887.5
2024-11,MAT-0247,64499.79
2024-11,MAT-0248,543.75
2024-11,MAT-0250,16398.9
2024-11,MAT-0252,2063.01
2024-11,MAT-0253,1431.75
2024-11,MAT-0255,2562.3900000000003
2024-11,MAT-0257,154.53
2024-11,MAT-0258,301.44
2024-11,MAT-0260,72.0
2024-11,MAT-0263,12219.9
2024-11,MAT-0265,738.75
2024-11,MAT-0267,21428.25
2024-11,MAT-0268,82557.8
2024-11,MAT-0269,1732.5
2024-11,MAT-0271,6824.7
2024-11,MAT-0272,13.320000000000002
2024-11,MAT-0273,18910.6
2024-11,MAT-0274,1620.75
2024-11,MAT-0275,39377.25000000001
2024-11,MAT-0276,1605.75
2024-11,MAT-0283,180.39
2024-11,MAT-0288,3306.75
2024-11,MAT-0289,3306.75
2024-11,MAT-0292,6606.75
2024-11,MAT-0293,3981.75
2024-11,MAT-0295,6821.25
2024-11,MAT-0296,8940.4
2024-11,MAT-0299,104.25
2024-11,MAT-0301,8457.0
2024-11,MAT-0302,37764.57
2024-11,MAT-0303,22470.750000000004
2024-11,MAT-0304,10720.5
2024-11,MAT-0305,15453.3
2024-11,MAT-0306,5429.4
2024-11,MAT-0307,5055.2
2024-11,MAT-0308,15989.65
2024-11,MAT-0309,14705.61
2024-11,MAT-0310,4233.0
2024-11,MAT-0316,4686.0
2024-11,MAT-0318,11989.5
2024-11,MAT-0319,29139.75
2024-11,MAT-0320,10980.05
2024-11,MAT-0321,5977.25
2024-11,MAT-0322,1992.9
2024-11,MAT-0323,7437.0
2024-11,MAT-0327,30348.15
2024-11,MAT-0334,2226.0
2024-11,MAT-0335,410175.0
2024-11,MAT-0336,18398.25
2024-11,MAT-0338,7358.9
2024-11,MAT-0339,1920.75
2024-11,MAT-0340,170117.26
2024-11,MAT-0343,1470.0
2024-11,MAT-0344,15588.25
2024-11,MAT-0345,11038.5
2024-11,MAT-0346,39084.25
2024-11,MAT-0347,204.75
2024-11,MAT-0348,204.75
2024-11,MAT-0349,8300.999999999998
2024-11,MAT-0351,204.75
2024-11,MAT-0354,93931.25
2024-11,MAT-0355,2455.25
2024-11,MAT-0356,9933.45
2024-11,MAT-0357,2685.1499999999996
2024-11,MAT-0359,5298.75
2024-11,MAT-0360,682.65
2024-11,MAT-0361,3066.75
2024-11,MAT-0363,7890.46
2024-11,MAT-0364,2640.0
2024-11,MAT-0365,1407.5
2024-11,MAT-0366,22185.0
2024-11,MAT-0367,8221.499999999998
2024-11,MAT-0369,242.24999999999997
2024-11,MAT-0371,6121.5
2024-11,MAT-0372,5570.25
2024-11,MAT-0373,2721.75
2024-11,MAT-0374,26000.25
2024-11,MAT-0376,30413.55
2024-11,MAT-0380,7648.5
2024-11,MAT-0381,74123.54999999999
2024-11,MAT-0385,19.5
2024-11,MAT-0386,8422.5
2024-11,MAT-0390,47988.3
2024-11,MAT-0392,4460.5
2024-11,MAT-0393,2997.0
2024-11,MAT-0394,8126.4
2024-11,MAT-0395,24005.75
2024-11,MAT-0396,5042.250000000001
2024-11,MAT-0397,776.3
2024-11,MAT-0398,7221.15
2024-11,MAT-0403,6294.0
2024-11,MAT-0404,26927.85
2024-11,MAT-0405,497.25
2024-11,MAT-0406,829.5
2024-11,MAT-0407,126.0
2024-11,MAT-0408,230.5
2024-11,MAT-0410,15057.749999999998
2024-11,MAT-0411,3838.5
2024-11,MAT-0412,126.0
2024-11,MAT-0413,94945.05
2024-11,MAT-0415,65032.52
2024-11,MAT-0416,57787.5
2024-11,MAT-0419,18504.75
2024-11,MAT-0420,2377.5
2024-11,MAT-0421,46243.5
2024-11,MAT-0422,2295.0
2024-11,MAT-0423,10419.3
2024-11,MAT-0424,5017.5
2024-11,MAT-0426,3060.0
2024-11,MAT-0427,7271.25
2024-11,MAT-0428,90334.05
2024-11,MAT-0431,0.0
2024-12,MAT-0005,372.775
2024-12,MAT-0007,6118.625
2024-12,MAT-0011,5283.95
2024-12,MAT-0012,17921.905
2024-12,MAT-0014,4604.275000000001
2024-12,MAT-0015,205131.65
2024-12,MAT-0019,7272.775
2024-12,MAT-0021,1534.5
2024-12,MAT-0022,10781.8
2024-12,MAT-0023,11634.3
2024-12,MAT-0024,15360.55
2024-12,MAT-0025,10781.8
2024-12,MAT-0026,11293.3
2024-12,MAT-0028,10797.3
2024-12,MAT-0029,11250.675
2024-12,MAT-0030,12033.735
2024-12,MAT-0031,10781.8
2024-12,MAT-0032,20267.025
2024-12,MAT-0034,14800.175
2024-12,MAT-0035,30956.6
2024-12,MAT-0037,27994.4
2024-12,MAT-0039,2301.75
2024-12,MAT-0040,2311.0499999999997
2024-12,MAT-0041,5802.084
2024-12,MAT-0043,5.0840000000000005
2024-12,MAT-0044,8018.584
2024-12,MAT-0045,5.0840000000000005
2024-12,MAT-0046,52990.685000000005
2024-12,MAT-0048,0.744
2024-12,MAT-0050,20760.7
2024-12,MAT-0051,92765.105
2024-12,MAT-0053,10347.985
2024-12,MAT-0055,20728.925
2024-12,MAT-0056,214288.29
2024-12,MAT-0057,6406.150000000001
2024-12,MAT-0058,37.479
2024-12,MAT-0061,767.25
2024-12,MAT-0062,75009.1
2024-12,MAT-0063,3898.25
2024-12,MAT-0064,3685.125
2024-12,MAT-0065,42822.37499999999
2024-12,MAT-0066,3064.35
2024-12,MAT-0067,767.25
2024-12,MAT-0068,13556.75
2024-12,MAT-0071,14064.7
2024-12,MAT-0072,13813.425
2024-12,MAT-0073,3435.885
2024-12,MAT-0074,2414.26
2024-12,MAT-0075,7913.525000000001
2024-12,MAT-0076,257.3
2024-12,MAT-0077,3507.65
2024-12,MAT-0078,1.55
2024-12,MAT-0079,2670.0299999999997
2024-12,MAT-0080,1092.75
2024-12,MAT-0081,1286.5
2024-12,MAT-0085,13261.505
2024-12,MAT-0088,51.336
2024-12,MAT-0089,1050.211
2024-12,MAT-0090,51.336
2024-12,MAT-0093,818.586
2024-12,MAT-0095,445.656
2024-12,MAT-0096,7157.900000000001
2024-12,MAT-0097,4584.125
2024-12,MAT-0098,29084.964999999997
2024-12,MAT-0099,171480.63
2024-12,MAT-0100,2291.5989999999997
2024-12,MAT-0101,5792.349999999999
2024-12,MAT-0103,4434.55
2024-12,MAT-0104,20348.625
2024-12,MAT-0105,3726.2
2024-12,MAT-0106,15722.215
2024-12,MAT-0109,36887.53
2024-12,MAT-0110,7927.75
2024-12,MAT-0111,5754.375
2024-12,MAT-0112,153936.69999999998
2024-12,MAT-0113,10840.73
2024-12,MAT-0114,11784.075
2024-12,MAT-0115,809.1
2024-12,MAT-0116,10735.92
2024-12,MAT-0118,1236.125
2024-12,MAT-0121,15341.9
2024-12,MAT-0122,11720.625
2024-12,MAT-0123,4595.75
2024-12,MAT-0124,1534.5
2024-12,MAT-0125,1534.5
2024-12,MAT-0126,2048.75
2024-12,MAT-0127,1534.5
2024-12,MAT-0130,1534.5
2024-12,MAT-0131,4560.875
2024-12,MAT-0132,1534.5
2024-12,MAT-0133,2301.75
2024-12,MAT-0135,25582.825
2024-12,MAT-0136,21229.575
2024-12,MAT-0137,82635.15
2024-12,MAT-0138,735.475
2024-12,MAT-0139,257.238
2024-12,MAT-0140,257.238
2024-12,MAT-0141,257.238
2024-12,MAT-0146,16393.575
2024-12,MAT-0150,12293.4
2024-12,MAT-0151,178183.505
2024-12,MAT-0153,1000.525
2024-12,MAT-0156,22746.78
2024-12,MAT-0162,2344.685
2024-12,MAT-0163,4210.575
2024-12,MAT-0164,36339.755
2024-12,MAT-0165,25807.475
2024-12,MAT-0167,5200.25
2024-12,MAT-0168,281.96999999999997
2024-12,MAT-0171,18033.09
2024-12,MAT-0172,3224.535
2024-12,MAT-0173,724.625
2024-12,MAT-0174,30825.005
2024-12,MAT-0175,26659.22
2024-12,MAT-0177,120.125
2024-12,MAT-0178,27386.175000000003
2024-12,MAT-0179,686.65
2024-12,MAT-0180,1486.2
2024-12,MAT-0182,3743.25
2024-12,MAT-0183,3374.9700000000003
2024-12,MAT-0184,14933.05
2024-12,MAT-0185,4045.5
2024-12,MAT-0186,3157.2999999999997
2024-12,MAT-0191,3.1
2024-12,MAT-0192,2645.85
2024-12,MAT-0194,3.1
2024-12,MAT-0197,818.175
2024-12,MAT-0207,10698.875
2024-12,MAT-0210,20305.65
2024-12,MAT-0211,11754.364999999998
2024-12,MAT-0212,35072.625
2024-12,MAT-0213,2852.775
2024-12,MAT-0217,7892.599999999999
2024-12,MAT-0218,16264.615000000002
2024-12,MAT-0221,18755.5
2024-12,MAT-0222,4518.25
2024-12,MAT-0223,31.62
2024-12,MAT-0224,3971.295
2024-12,MAT-0225,170.5
2024-12,MAT-0226,729.63
2024-12,MAT-0227,1534.5
2024-12,MAT-0228,19585.945
2024-12,MAT-0230,4603.5
2024-12,MAT-0231,8439.75
2024-12,MAT-0232,6947.875
2024-12,MAT-0233,30906.275
2024-12,MAT-0234,190606.365
2024-12,MAT-0236,2081.65
2024-12,MAT-0237,23566.335
2024-12,MAT-0241,2344.5299999999997
2024-12,MAT-0242,4799.7300000000005
2024-12,MAT-0243,32497.300000000003
2024-12,MAT-0244,8154.06
2024-12,MAT-0245,2301.75
2024-12,MAT-0246,2983.75
2024-12,MAT-0247,73347.57
2024-12,MAT-0248,561.875
2024-12,MAT-0250,17737.53
2024-12,MAT-0252,2204.255
2024-12,MAT-0253,1479.475
2024-12,MAT-0255,4501.045
2024-12,MAT-0257,159.68099999999998
2024-12,MAT-0258,311.488
2024-12,MAT-0260,74.39999999999999
2024-12,MAT-0263,12634.105
2024-12,MAT-0265,763.375
2024-12,MAT-0267,22698.575
2024-12,MAT-0268,112997.325
2024-12,MAT-0269,1790.25
2024-12,MAT-0271,7052.19
2024-12,MAT-0272,13.764
2024-12,MAT-0273,20413.295
2024-12,MAT-0274,1674.775
2024-12,MAT-0275,40778.475000000006
2024-12,MAT-0276,1659.275
2024-12,MAT-0283,186.403
2024-12,MAT-0288,3416.975
2024-12,MAT-0289,3416.975
2024-12,MAT-0292,6826.974999999999
2024-12,MAT-0293,4114.474999999999
2024-12,MAT-0295,7772.975
2024-12,MAT-0296,9590.78
2024-12,MAT-0299,141.82500000000002
2024-12,MAT-0301,9809.475
2024-12,MAT-0302,39794.68000000001
2024-12,MAT-0303,25428.025
2024-12,MAT-0304,11077.85
2024-12,MAT-0305,15968.41
2024-12,MAT-0306,5610.38
2024-12,MAT-0307,15361.425
2024-12,MAT-0308,16525.48
2024-12,MAT-0309,15785.0
2024-12,MAT-0310,4547.349999999999
2024-12,MAT-0316,4842.2
2024-12,MAT-0318,12423.25
2024-12,MAT-0319,30111.075
2024-12,MAT-0320,13478.56
2024-12,MAT-0321,6224.8
2024-12,MAT-0322,2059.3300000000004
2024-12,MAT-0323,7684.900000000001
2024-12,MAT-0327,32118.205
2024-12,MAT-0334,2300.2000000000003
2024-12,MAT-0335,459141.5
2024-12,MAT-0336,19857.975
2024-12,MAT-0338,7715.925
2024-12,MAT-0339,1984.775
2024-12,MAT-0340,191271.92
2024-12,MAT-0343,1519.0
2024-12,MAT-0344,18708.075
2024-12,MAT-0345,11438.95
2024-12,MAT-0346,47088.75
2024-12,MAT-0347,211.575
2024-12,MAT-0348,211.575
2024-12,MAT-0349,8654.425
2024-12,MAT-0351,211.575
2024-12,MAT-0354,118603.38
2024-12,MAT-0355,2623.35
2024-12,MAT-0356,10649.565
2024-12,MAT-0357,2778.455
2024-12,MAT-0359,5475.375
2024-12,MAT-0360,705.405
2024-12,MAT-0361,3305.375
2024-12,MAT-0363,16198.169999999998
2024-12,MAT-0364,2959.0
2024-12,MAT-0365,1464.75
2024-12,MAT-0366,24512.25
2024-12,MAT-0367,11744.675
2024-12,MAT-0369,250.325
2024-12,MAT-0371,6937.55
2024-12,MAT-0372,5755.925
2024-12,MAT-0373,2812.475
2024-12,MAT-0374,27781.85
2024-12,MAT-0376,37516.975
2024-12,MAT-0380,7903.45
2024-12,MAT-0381,76594.33499999999
2024-12,MAT-0385,40.775000000000006
2024-12,MAT-0386,8703.25
2024-12,MAT-0390,49587.91
2024-12,MAT-0392,5200.25
2024-12,MAT-0393,3096.9
2024-12,MAT-0394,8397.28
2024-12,MAT-0395,25774.95
2024-12,MAT-0396,5210.325000000001
2024-12,MAT-0397,813.75
2024-12,MAT-0398,7509.964999999999
2024-12,MAT-0403,6547.2
2024-12,MAT-0404,27825.445
2024-12,MAT-0405,513.8249999999999
2024-12,MAT-0406,857.15
2024-12,MAT-0407,130.20000000000002
2024-12,MAT-0408,770.95
2024-12,MAT-0410,15559.675
2024-12,MAT-0411,3966.45
2024-12,MAT-0412,130.20000000000002
2024-12,MAT-0413,103208.11
2024-12,MAT-0415,72580.08
2024-12,MAT-0416,59713.75
2024-12,MAT-0419,19121.575
2024-12,MAT-0420,2456.75
2024-12,MAT-0421,47784.95
2024-12,MAT-0422,2371.5
2024-12,MAT-0423,11499.760000000002
2024-12,MAT-0424,12952.125
2024-12,MAT-0426,14688.0
2024-12,MAT-0427,7963.125
2024-12,MAT-0428,94236.185
2024-12,MAT-0431,0.0
