Month,Material,ShipFresh_MT,ShipDegraded_MT,Total_Ship_MT
2024-01-01,MAT-0005,0.0,0.0,0.0
2024-02-01,MAT-0005,0.0,0.0,0.0
2024-03-01,MAT-0005,0.0,0.0,0.0
2024-04-01,MAT-0005,0.0,0.0,0.0
2024-05-01,MAT-0005,0.0,0.0,0.0
2024-06-01,MAT-0005,0.0,0.0,0.0
2024-07-01,MAT-0005,0.0,0.0,0.0
2024-08-01,MAT-0005,0.0,0.0,0.0
2024-09-01,MAT-0005,0.0,0.0,0.0
2024-10-01,MAT-0005,0.0,0.0,0.0
2024-11-01,MAT-0005,15.0,0.0,15.0
2024-12-01,MAT-0005,0.0,0.0,0.0
2024-01-01,MAT-0007,0.0,0.0,0.0
2024-02-01,MAT-0007,0.0,0.0,0.0
2024-03-01,MAT-0007,0.0,0.0,0.0
2024-04-01,MAT-0007,87.65,0.0,87.65
2024-05-01,MAT-0007,0.0,0.0,0.0
2024-06-01,MAT-0007,0.0,0.0,0.0
2024-07-01,MAT-0007,0.0,0.0,0.0
2024-08-01,MAT-0007,0.0,0.0,0.0
2024-09-01,MAT-0007,0.0,0.0,0.0
2024-10-01,MAT-0007,0.0,0.0,0.0
2024-11-01,MAT-0007,0.0,0.0,0.0
2024-12-01,MAT-0007,0.0,0.0,0.0
2024-01-01,MAT-0015,0.0,0.0,0.0
2024-02-01,MAT-0015,0.0,0.0,0.0
2024-03-01,MAT-0015,0.0,0.0,0.0
2024-04-01,MAT-0015,0.0,0.0,0.0
2024-05-01,MAT-0015,0.0,0.0,0.0
2024-06-01,MAT-0015,0.0,0.0,0.0
2024-07-01,MAT-0015,0.0,0.0,0.0
2024-08-01,MAT-0015,0.0,0.0,0.0
2024-09-01,MAT-0015,1007.5,0.0,1007.5
2024-10-01,MAT-0015,0.0,0.0,0.0
2024-11-01,MAT-0015,0.0,0.0,0.0
2024-12-01,MAT-0015,0.0,0.0,0.0
2024-01-01,MAT-0028,0.0,0.0,0.0
2024-02-01,MAT-0028,0.0,0.0,0.0
2024-03-01,MAT-0028,0.0,0.0,0.0
2024-04-01,MAT-0028,0.0,0.0,0.0
2024-05-01,MAT-0028,0.0,0.0,0.0
2024-06-01,MAT-0028,0.0,0.0,0.0
2024-07-01,MAT-0028,0.0,0.0,0.0
2024-08-01,MAT-0028,0.0,0.0,0.0
2024-09-01,MAT-0028,0.0,0.0,0.0
2024-10-01,MAT-0028,0.0,0.0,0.0
2024-11-01,MAT-0028,0.0,0.0,0.0
2024-12-01,MAT-0028,19.25,0.0,19.25
2024-01-01,MAT-0029,0.0,0.0,0.0
2024-02-01,MAT-0029,0.0,0.0,0.0
2024-03-01,MAT-0029,0.0,0.0,0.0
2024-04-01,MAT-0029,0.0,0.0,0.0
2024-05-01,MAT-0029,15.8,0.0,15.8
2024-06-01,MAT-0029,0.0,0.0,0.0
2024-07-01,MAT-0029,0.0,0.0,0.0
2024-08-01,MAT-0029,0.0,0.0,0.0
2024-09-01,MAT-0029,0.0,0.0,0.0
2024-10-01,MAT-0029,0.0,0.0,0.0
2024-11-01,MAT-0029,0.0,0.0,0.0
2024-12-01,MAT-0029,0.0,0.0,0.0
2024-01-01,MAT-0032,0.0,0.0,0.0
2024-02-01,MAT-0032,0.0,0.0,0.0
2024-03-01,MAT-0032,0.0,0.0,0.0
2024-04-01,MAT-0032,0.0,0.0,0.0
2024-05-01,MAT-0032,0.0,0.0,0.0
2024-06-01,MAT-0032,0.0,0.0,0.0
2024-07-01,MAT-0032,0.0,0.0,0.0
2024-08-01,MAT-0032,0.0,0.0,0.0
2024-09-01,MAT-0032,0.0,0.0,0.0
2024-10-01,MAT-0032,0.0,0.0,0.0
2024-11-01,MAT-0032,0.0,0.0,0.0
2024-12-01,MAT-0032,0.0,0.0,0.0
2024-01-01,MAT-0034,0.0,0.0,0.0
2024-02-01,MAT-0034,0.0,0.0,0.0
2024-03-01,MAT-0034,0.0,0.0,0.0
2024-04-01,MAT-0034,0.0,0.0,0.0
2024-05-01,MAT-0034,0.0,0.0,0.0
2024-06-01,MAT-0034,0.0,0.0,0.0
2024-07-01,MAT-0034,0.0,0.0,0.0
2024-08-01,MAT-0034,0.0,0.0,0.0
2024-09-01,MAT-0034,0.0,0.0,0.0
2024-10-01,MAT-0034,0.0,0.0,0.0
2024-11-01,MAT-0034,11.0,0.0,11.0
2024-12-01,MAT-0034,0.0,0.0,0.0
2024-01-01,MAT-0035,0.0,0.0,0.0
2024-02-01,MAT-0035,0.0,0.0,0.0
2024-03-01,MAT-0035,0.0,0.0,0.0
2024-04-01,MAT-0035,0.0,0.0,0.0
2024-05-01,MAT-0035,0.0,0.0,0.0
2024-06-01,MAT-0035,521.825,0.0,521.825
2024-07-01,MAT-0035,0.0,0.0,0.0
2024-08-01,MAT-0035,0.0,0.0,0.0
2024-09-01,MAT-0035,0.0,0.0,0.0
2024-10-01,MAT-0035,0.0,0.0,0.0
2024-11-01,MAT-0035,0.0,0.0,0.0
2024-12-01,MAT-0035,0.0,0.0,0.0
2024-01-01,MAT-0046,0.0,0.0,0.0
2024-02-01,MAT-0046,0.0,0.0,0.0
2024-03-01,MAT-0046,0.0,0.0,0.0
2024-04-01,MAT-0046,0.0,0.0,0.0
2024-05-01,MAT-0046,0.0,0.0,0.0
2024-06-01,MAT-0046,0.0,0.0,0.0
2024-07-01,MAT-0046,0.0,0.0,0.0
2024-08-01,MAT-0046,659.925,0.0,659.925
2024-09-01,MAT-0046,0.0,0.0,0.0
2024-10-01,MAT-0046,0.0,0.0,0.0
2024-11-01,MAT-0046,247.5,0.0,247.5
2024-12-01,MAT-0046,0.0,0.0,0.0
2024-01-01,MAT-0050,0.0,0.0,0.0
2024-02-01,MAT-0050,0.0,0.0,0.0
2024-03-01,MAT-0050,0.0,0.0,0.0
2024-04-01,MAT-0050,0.0,0.0,0.0
2024-05-01,MAT-0050,453.75,0.0,453.75
2024-06-01,MAT-0050,0.0,0.0,0.0
2024-07-01,MAT-0050,0.0,0.0,0.0
2024-08-01,MAT-0050,0.0,0.0,0.0
2024-09-01,MAT-0050,0.0,0.0,0.0
2024-10-01,MAT-0050,0.0,0.0,0.0
2024-11-01,MAT-0050,0.0,0.0,0.0
2024-12-01,MAT-0050,0.0,0.0,0.0
2024-01-01,MAT-0051,0.0,0.0,0.0
2024-02-01,MAT-0051,0.0,0.0,0.0
2024-03-01,MAT-0051,2003.675,0.0,2003.675
2024-04-01,MAT-0051,990.0,0.0,990.0
2024-05-01,MAT-0051,0.0,0.0,0.0
2024-06-01,MAT-0051,0.0,0.0,0.0
2024-07-01,MAT-0051,0.0,0.0,0.0
2024-08-01,MAT-0051,0.0,0.0,0.0
2024-09-01,MAT-0051,0.0,0.0,0.0
2024-10-01,MAT-0051,0.0,0.0,0.0
2024-11-01,MAT-0051,0.0,0.0,0.0
2024-12-01,MAT-0051,0.0,0.0,0.0
2024-01-01,MAT-0055,0.0,0.0,0.0
2024-02-01,MAT-0055,0.0,0.0,0.0
2024-03-01,MAT-0055,0.0,0.0,0.0
2024-04-01,MAT-0055,0.0,0.0,0.0
2024-05-01,MAT-0055,0.0,0.0,0.0
2024-06-01,MAT-0055,0.0,0.0,0.0
2024-07-01,MAT-0055,0.0,0.0,0.0
2024-08-01,MAT-0055,0.0,0.0,0.0
2024-09-01,MAT-0055,0.0,0.0,0.0
2024-10-01,MAT-0055,0.0,0.0,0.0
2024-11-01,MAT-0055,0.0,0.0,0.0
2024-12-01,MAT-0055,4.125,0.0,4.125
2024-01-01,MAT-0056,1012.725,0.0,1012.725
2024-02-01,MAT-0056,1237.5,0.0,1237.5
2024-03-01,MAT-0056,990.0,0.0,990.0
2024-04-01,MAT-0056,346.5,0.0,346.5
2024-05-01,MAT-0056,1485.0,0.0,1485.0
2024-06-01,MAT-0056,0.0,0.0,0.0
2024-07-01,MAT-0056,0.0,0.0,0.0
2024-08-01,MAT-0056,866.25,0.0,866.25
2024-09-01,MAT-0056,0.0,0.0,0.0
2024-10-01,MAT-0056,0.0,0.0,0.0
2024-11-01,MAT-0056,0.0,0.0,0.0
2024-12-01,MAT-0056,0.0,0.0,0.0
2024-01-01,MAT-0057,0.0,0.0,0.0
2024-02-01,MAT-0057,0.0,0.0,0.0
2024-03-01,MAT-0057,0.0,0.0,0.0
2024-04-01,MAT-0057,0.0,0.0,0.0
2024-05-01,MAT-0057,189.425,0.0,189.425
2024-06-01,MAT-0057,0.0,0.0,0.0
2024-07-01,MAT-0057,0.0,0.0,0.0
2024-08-01,MAT-0057,0.0,0.0,0.0
2024-09-01,MAT-0057,0.0,0.0,0.0
2024-10-01,MAT-0057,0.0,0.0,0.0
2024-11-01,MAT-0057,0.0,0.0,0.0
2024-12-01,MAT-0057,0.0,0.0,0.0
2024-01-01,MAT-0062,0.0,0.0,0.0
2024-02-01,MAT-0062,0.0,0.0,0.0
2024-03-01,MAT-0062,0.0,0.0,0.0
2024-04-01,MAT-0062,0.0,0.0,0.0
2024-05-01,MAT-0062,0.0,0.0,0.0
2024-06-01,MAT-0062,0.0,0.0,0.0
2024-07-01,MAT-0062,0.0,0.0,0.0
2024-08-01,MAT-0062,0.0,0.0,0.0
2024-09-01,MAT-0062,0.0,0.0,0.0
2024-10-01,MAT-0062,0.0,0.0,0.0
2024-11-01,MAT-0062,0.0,0.0,0.0
2024-12-01,MAT-0062,0.0,0.0,0.0
2024-01-01,MAT-0063,0.0,0.0,0.0
2024-02-01,MAT-0063,8.15,0.0,8.15
2024-03-01,MAT-0063,0.0,0.0,0.0
2024-04-01,MAT-0063,0.0,0.0,0.0
2024-05-01,MAT-0063,0.0,0.0,0.0
2024-06-01,MAT-0063,0.0,0.0,0.0
2024-07-01,MAT-0063,0.0,0.0,0.0
2024-08-01,MAT-0063,0.0,0.0,0.0
2024-09-01,MAT-0063,0.0,0.0,0.0
2024-10-01,MAT-0063,0.0,0.0,0.0
2024-11-01,MAT-0063,0.0,0.0,0.0
2024-12-01,MAT-0063,0.0,0.0,0.0
2024-01-01,MAT-0064,0.0,0.0,0.0
2024-02-01,MAT-0064,0.0,0.0,0.0
2024-03-01,MAT-0064,0.0,0.0,0.0
2024-04-01,MAT-0064,0.0,0.0,0.0
2024-05-01,MAT-0064,0.0,0.0,0.0
2024-06-01,MAT-0064,0.0,0.0,0.0
2024-07-01,MAT-0064,0.0,0.0,0.0
2024-08-01,MAT-0064,0.0,0.0,0.0
2024-09-01,MAT-0064,0.0,0.0,0.0
2024-10-01,MAT-0064,2.1,0.0,2.1
2024-11-01,MAT-0064,0.0,0.0,0.0
2024-12-01,MAT-0064,0.0,0.0,0.0
2024-01-01,MAT-0065,0.0,0.0,0.0
2024-02-01,MAT-0065,0.0,0.0,0.0
2024-03-01,MAT-0065,0.0,0.0,0.0
2024-04-01,MAT-0065,728.475,0.0,728.475
2024-05-01,MAT-0065,0.0,0.0,0.0
2024-06-01,MAT-0065,0.0,0.0,0.0
2024-07-01,MAT-0065,0.0,0.0,0.0
2024-08-01,MAT-0065,0.0,0.0,0.0
2024-09-01,MAT-0065,0.0,0.0,0.0
2024-10-01,MAT-0065,0.0,0.0,0.0
2024-11-01,MAT-0065,0.0,0.0,0.0
2024-12-01,MAT-0065,0.0,0.0,0.0
2024-01-01,MAT-0068,148.5,0.0,148.5
2024-02-01,MAT-0068,46.75,0.0,46.75
2024-03-01,MAT-0068,99.0,0.0,99.0
2024-04-01,MAT-0068,0.0,0.0,0.0
2024-05-01,MAT-0068,0.0,0.0,0.0
2024-06-01,MAT-0068,445.5,0.0,445.5
2024-07-01,MAT-0068,0.0,0.0,0.0
2024-08-01,MAT-0068,0.0,0.0,0.0
2024-09-01,MAT-0068,0.0,0.0,0.0
2024-10-01,MAT-0068,0.0,0.0,0.0
2024-11-01,MAT-0068,0.0,0.0,0.0
2024-12-01,MAT-0068,0.0,0.0,0.0
2024-01-01,MAT-0072,0.0,0.0,0.0
2024-02-01,MAT-0072,0.0,0.0,0.0
2024-03-01,MAT-0072,307.325,0.0,307.325
2024-04-01,MAT-0072,0.0,0.0,0.0
2024-05-01,MAT-0072,0.0,0.0,0.0
2024-06-01,MAT-0072,0.0,0.0,0.0
2024-07-01,MAT-0072,0.0,0.0,0.0
2024-08-01,MAT-0072,0.0,0.0,0.0
2024-09-01,MAT-0072,0.0,0.0,0.0
2024-10-01,MAT-0072,0.0,0.0,0.0
2024-11-01,MAT-0072,0.0,0.0,0.0
2024-12-01,MAT-0072,0.0,0.0,0.0
2024-01-01,MAT-0073,0.0,0.0,0.0
2024-02-01,MAT-0073,0.0,0.0,0.0
2024-03-01,MAT-0073,0.0,0.0,0.0
2024-04-01,MAT-0073,0.0,0.0,0.0
2024-05-01,MAT-0073,0.0,0.0,0.0
2024-06-01,MAT-0073,0.0,0.0,0.0
2024-07-01,MAT-0073,0.0,0.0,0.0
2024-08-01,MAT-0073,0.0,0.0,0.0
2024-09-01,MAT-0073,0.0,0.0,0.0
2024-10-01,MAT-0073,0.0,0.0,0.0
2024-11-01,MAT-0073,0.0,0.0,0.0
2024-12-01,MAT-0073,0.0,0.0,0.0
2024-01-01,MAT-0074,0.0,0.0,0.0
2024-02-01,MAT-0074,0.0,0.0,0.0
2024-03-01,MAT-0074,0.0,0.0,0.0
2024-04-01,MAT-0074,0.0,0.0,0.0
2024-05-01,MAT-0074,0.0,0.0,0.0
2024-06-01,MAT-0074,0.0,0.0,0.0
2024-07-01,MAT-0074,0.0,0.0,0.0
2024-08-01,MAT-0074,403.975,0.0,403.975
2024-09-01,MAT-0074,0.0,0.0,0.0
2024-10-01,MAT-0074,0.0,0.0,0.0
2024-11-01,MAT-0074,0.0,0.0,0.0
2024-12-01,MAT-0074,0.0,0.0,0.0
2024-01-01,MAT-0075,0.0,0.0,0.0
2024-02-01,MAT-0075,0.0,0.0,0.0
2024-03-01,MAT-0075,0.0,0.0,0.0
2024-04-01,MAT-0075,0.0,0.0,0.0
2024-05-01,MAT-0075,0.0,0.0,0.0
2024-06-01,MAT-0075,0.0,0.0,0.0
2024-07-01,MAT-0075,0.0,0.0,0.0
2024-08-01,MAT-0075,0.0,0.0,0.0
2024-09-01,MAT-0075,0.0,0.0,0.0
2024-10-01,MAT-0075,0.0,0.0,0.0
2024-11-01,MAT-0075,0.0,0.0,0.0
2024-12-01,MAT-0075,256.775,0.0,256.775
2024-01-01,MAT-0078,0.0,0.0,0.0
2024-02-01,MAT-0078,0.0,0.0,0.0
2024-03-01,MAT-0078,97.25,0.0,97.25
2024-04-01,MAT-0078,0.0,0.0,0.0
2024-05-01,MAT-0078,0.0,0.0,0.0
2024-06-01,MAT-0078,0.0,0.0,0.0
2024-07-01,MAT-0078,0.0,0.0,0.0
2024-08-01,MAT-0078,0.0,0.0,0.0
2024-09-01,MAT-0078,0.0,0.0,0.0
2024-10-01,MAT-0078,0.0,0.0,0.0
2024-11-01,MAT-0078,0.0,0.0,0.0
2024-12-01,MAT-0078,0.0,0.0,0.0
2024-01-01,MAT-0079,0.0,0.0,0.0
2024-02-01,MAT-0079,0.0,0.0,0.0
2024-03-01,MAT-0079,0.0,0.0,0.0
2024-04-01,MAT-0079,0.0,0.0,0.0
2024-05-01,MAT-0079,0.0,0.0,0.0
2024-06-01,MAT-0079,0.0,0.0,0.0
2024-07-01,MAT-0079,71.2,0.0,71.2
2024-08-01,MAT-0079,0.0,0.0,0.0
2024-09-01,MAT-0079,0.0,0.0,0.0
2024-10-01,MAT-0079,0.0,0.0,0.0
2024-11-01,MAT-0079,0.0,0.0,0.0
2024-12-01,MAT-0079,0.0,0.0,0.0
2024-01-01,MAT-0080,0.0,0.0,0.0
2024-02-01,MAT-0080,0.0,0.0,0.0
2024-03-01,MAT-0080,0.0,0.0,0.0
2024-04-01,MAT-0080,0.0,0.0,0.0
2024-05-01,MAT-0080,0.0,0.0,0.0
2024-06-01,MAT-0080,0.0,0.0,0.0
2024-07-01,MAT-0080,0.0,0.0,0.0
2024-08-01,MAT-0080,19.25,0.0,19.25
2024-09-01,MAT-0080,0.0,0.0,0.0
2024-10-01,MAT-0080,0.0,0.0,0.0
2024-11-01,MAT-0080,0.0,0.0,0.0
2024-12-01,MAT-0080,0.0,0.0,0.0
2024-01-01,MAT-0096,0.0,0.0,0.0
2024-02-01,MAT-0096,0.0,0.0,0.0
2024-03-01,MAT-0096,0.0,0.0,0.0
2024-04-01,MAT-0096,0.0,0.0,0.0
2024-05-01,MAT-0096,8.25,0.0,8.25
2024-06-01,MAT-0096,0.0,0.0,0.0
2024-07-01,MAT-0096,0.0,0.0,0.0
2024-08-01,MAT-0096,0.0,0.0,0.0
2024-09-01,MAT-0096,0.0,0.0,0.0
2024-10-01,MAT-0096,0.0,0.0,0.0
2024-11-01,MAT-0096,0.0,0.0,0.0
2024-12-01,MAT-0096,0.0,0.0,0.0
2024-01-01,MAT-0098,0.0,0.0,0.0
2024-02-01,MAT-0098,0.0,0.0,0.0
2024-03-01,MAT-0098,0.0,0.0,0.0
2024-04-01,MAT-0098,0.0,0.0,0.0
2024-05-01,MAT-0098,0.0,0.0,0.0
2024-06-01,MAT-0098,0.0,0.0,0.0
2024-07-01,MAT-0098,643.5,0.0,643.5
2024-08-01,MAT-0098,0.0,0.0,0.0
2024-09-01,MAT-0098,0.0,0.0,0.0
2024-10-01,MAT-0098,0.0,0.0,0.0
2024-11-01,MAT-0098,0.0,0.0,0.0
2024-12-01,MAT-0098,0.0,0.0,0.0
2024-01-01,MAT-0099,1865.775,0.0,1865.775
2024-02-01,MAT-0099,0.0,0.0,0.0
2024-03-01,MAT-0099,0.0,0.0,0.0
2024-04-01,MAT-0099,0.0,0.0,0.0
2024-05-01,MAT-0099,0.0,0.0,0.0
2024-06-01,MAT-0099,0.0,0.0,0.0
2024-07-01,MAT-0099,0.0,0.0,0.0
2024-08-01,MAT-0099,0.0,0.0,0.0
2024-09-01,MAT-0099,0.0,0.0,0.0
2024-10-01,MAT-0099,0.0,0.0,0.0
2024-11-01,MAT-0099,0.0,0.0,0.0
2024-12-01,MAT-0099,0.0,0.0,0.0
2024-01-01,MAT-0100,0.0,0.0,0.0
2024-02-01,MAT-0100,0.0,0.0,0.0
2024-03-01,MAT-0100,0.0,0.0,0.0
2024-04-01,MAT-0100,0.0,0.0,0.0
2024-05-01,MAT-0100,0.0,0.0,0.0
2024-06-01,MAT-0100,0.0,0.0,0.0
2024-07-01,MAT-0100,0.425,0.0,0.425
2024-08-01,MAT-0100,0.0,0.0,0.0
2024-09-01,MAT-0100,0.0,0.0,0.0
2024-10-01,MAT-0100,0.0,0.0,0.0
2024-11-01,MAT-0100,0.0,0.0,0.0
2024-12-01,MAT-0100,0.0,0.0,0.0
2024-01-01,MAT-0103,0.0,0.0,0.0
2024-02-01,MAT-0103,0.0,0.0,0.0
2024-03-01,MAT-0103,0.0,0.0,0.0
2024-04-01,MAT-0103,0.0,0.0,0.0
2024-05-01,MAT-0103,0.0,0.0,0.0
2024-06-01,MAT-0103,0.0,0.0,0.0
2024-07-01,MAT-0103,0.0,0.0,0.0
2024-08-01,MAT-0103,0.0,0.0,0.0
2024-09-01,MAT-0103,0.0,0.0,0.0
2024-10-01,MAT-0103,0.0,0.0,0.0
2024-11-01,MAT-0103,0.0,0.0,0.0
2024-12-01,MAT-0103,0.0,0.0,0.0
2024-01-01,MAT-0104,0.0,0.0,0.0
2024-02-01,MAT-0104,108.625,0.0,108.625
2024-03-01,MAT-0104,148.5,0.0,148.5
2024-04-01,MAT-0104,187.0,0.0,187.0
2024-05-01,MAT-0104,0.0,0.0,0.0
2024-06-01,MAT-0104,0.0,0.0,0.0
2024-07-01,MAT-0104,0.0,0.0,0.0
2024-08-01,MAT-0104,148.5,0.0,148.5
2024-09-01,MAT-0104,0.0,0.0,0.0
2024-10-01,MAT-0104,0.0,0.0,0.0
2024-11-01,MAT-0104,99.0,0.0,99.0
2024-12-01,MAT-0104,0.0,0.0,0.0
2024-01-01,MAT-0109,0.0,0.0,0.0
2024-02-01,MAT-0109,0.0,0.0,0.0
2024-03-01,MAT-0109,0.0,0.0,0.0
2024-04-01,MAT-0109,0.0,0.0,0.0
2024-05-01,MAT-0109,0.0,0.0,0.0
2024-06-01,MAT-0109,0.0,0.0,0.0
2024-07-01,MAT-0109,0.0,0.0,0.0
2024-08-01,MAT-0109,0.0,0.0,0.0
2024-09-01,MAT-0109,0.0,0.0,0.0
2024-10-01,MAT-0109,0.0,0.0,0.0
2024-11-01,MAT-0109,0.0,0.0,0.0
2024-12-01,MAT-0109,829.45,0.0,829.45
2024-01-01,MAT-0110,38.625,0.0,38.625
2024-02-01,MAT-0110,0.0,0.0,0.0
2024-03-01,MAT-0110,0.0,0.0,0.0
2024-04-01,MAT-0110,0.0,0.0,0.0
2024-05-01,MAT-0110,0.0,0.0,0.0
2024-06-01,MAT-0110,0.0,0.0,0.0
2024-07-01,MAT-0110,0.0,0.0,0.0
2024-08-01,MAT-0110,0.0,0.0,0.0
2024-09-01,MAT-0110,0.0,0.0,0.0
2024-10-01,MAT-0110,0.0,0.0,0.0
2024-11-01,MAT-0110,67.5,0.0,67.5
2024-12-01,MAT-0110,0.0,0.0,0.0
2024-01-01,MAT-0111,0.0,0.0,0.0
2024-02-01,MAT-0111,0.0,0.0,0.0
2024-03-01,MAT-0111,0.0,0.0,0.0
2024-04-01,MAT-0111,0.0,0.0,0.0
2024-05-01,MAT-0111,0.0,0.0,0.0
2024-06-01,MAT-0111,0.0,0.0,0.0
2024-07-01,MAT-0111,0.0,0.0,0.0
2024-08-01,MAT-0111,0.0,0.0,0.0
2024-09-01,MAT-0111,0.0,0.0,0.0
2024-10-01,MAT-0111,0.0,0.0,0.0
2024-11-01,MAT-0111,0.0,0.0,0.0
2024-12-01,MAT-0111,0.0,0.0,0.0
2024-01-01,MAT-0112,262.4,0.0,262.4
2024-02-01,MAT-0112,1234.75,0.0,1234.75
2024-03-01,MAT-0112,742.5,0.0,742.5
2024-04-01,MAT-0112,1142.9,0.0,1142.9
2024-05-01,MAT-0112,589.6,0.0,589.6
2024-06-01,MAT-0112,247.5,0.0,247.5
2024-07-01,MAT-0112,0.0,0.0,0.0
2024-08-01,MAT-0112,0.0,0.0,0.0
2024-09-01,MAT-0112,0.0,0.0,0.0
2024-10-01,MAT-0112,0.0,0.0,0.0
2024-11-01,MAT-0112,0.0,0.0,0.0
2024-12-01,MAT-0112,0.0,0.0,0.0
2024-01-01,MAT-0113,0.0,0.0,0.0
2024-02-01,MAT-0113,0.0,0.0,0.0
2024-03-01,MAT-0113,0.0,0.0,0.0
2024-04-01,MAT-0113,0.0,0.0,0.0
2024-05-01,MAT-0113,0.0,0.0,0.0
2024-06-01,MAT-0113,0.0,0.0,0.0
2024-07-01,MAT-0113,0.0,0.0,0.0
2024-08-01,MAT-0113,0.0,0.0,0.0
2024-09-01,MAT-0113,0.0,0.0,0.0
2024-10-01,MAT-0113,0.0,0.0,0.0
2024-11-01,MAT-0113,0.0,0.0,0.0
2024-12-01,MAT-0113,0.0,0.0,0.0
2024-01-01,MAT-0114,0.0,0.0,0.0
2024-02-01,MAT-0114,0.0,0.0,0.0
2024-03-01,MAT-0114,0.0,0.0,0.0
2024-04-01,MAT-0114,0.0,0.0,0.0
2024-05-01,MAT-0114,0.0,0.0,0.0
2024-06-01,MAT-0114,0.0,0.0,0.0
2024-07-01,MAT-0114,0.0,0.0,0.0
2024-08-01,MAT-0114,0.0,0.0,0.0
2024-09-01,MAT-0114,0.0,0.0,0.0
2024-10-01,MAT-0114,0.0,0.0,0.0
2024-11-01,MAT-0114,0.0,0.0,0.0
2024-12-01,MAT-0114,0.0,0.0,0.0
2024-01-01,MAT-0116,0.0,0.0,0.0
2024-02-01,MAT-0116,50.897,0.0,50.897
2024-03-01,MAT-0116,0.0,0.0,0.0
2024-04-01,MAT-0116,0.0,0.0,0.0
2024-05-01,MAT-0116,408.806,0.0,408.806
2024-06-01,MAT-0116,36.826,0.0,36.826
2024-07-01,MAT-0116,0.0,0.0,0.0
2024-08-01,MAT-0116,0.0,0.0,0.0
2024-09-01,MAT-0116,0.0,0.0,0.0
2024-10-01,MAT-0116,0.0,0.0,0.0
2024-11-01,MAT-0116,0.0,0.0,0.0
2024-12-01,MAT-0116,173.25,0.0,173.25
2024-01-01,MAT-0121,0.0,0.0,0.0
2024-02-01,MAT-0121,0.0,0.0,0.0
2024-03-01,MAT-0121,0.0,0.0,0.0
2024-04-01,MAT-0121,0.0,0.0,0.0
2024-05-01,MAT-0121,0.0,0.0,0.0
2024-06-01,MAT-0121,0.0,0.0,0.0
2024-07-01,MAT-0121,0.0,0.0,0.0
2024-08-01,MAT-0121,0.0,0.0,0.0
2024-09-01,MAT-0121,494.95,0.0,494.95
2024-10-01,MAT-0121,0.0,0.0,0.0
2024-11-01,MAT-0121,0.0,0.0,0.0
2024-12-01,MAT-0121,0.0,0.0,0.0
2024-01-01,MAT-0122,0.0,0.0,0.0
2024-02-01,MAT-0122,0.0,0.0,0.0
2024-03-01,MAT-0122,0.0,0.0,0.0
2024-04-01,MAT-0122,0.0,0.0,0.0
2024-05-01,MAT-0122,0.0,0.0,0.0
2024-06-01,MAT-0122,0.0,0.0,0.0
2024-07-01,MAT-0122,0.0,0.0,0.0
2024-08-01,MAT-0122,0.0,0.0,0.0
2024-09-01,MAT-0122,0.0,0.0,0.0
2024-10-01,MAT-0122,0.0,0.0,0.0
2024-11-01,MAT-0122,0.0,0.0,0.0
2024-12-01,MAT-0122,456.1,0.0,456.1
2024-01-01,MAT-0123,0.0,0.0,0.0
2024-02-01,MAT-0123,0.0,0.0,0.0
2024-03-01,MAT-0123,0.0,0.0,0.0
2024-04-01,MAT-0123,0.0,0.0,0.0
2024-05-01,MAT-0123,0.0,0.0,0.0
2024-06-01,MAT-0123,0.0,0.0,0.0
2024-07-01,MAT-0123,98.95,0.0,98.95
2024-08-01,MAT-0123,0.0,0.0,0.0
2024-09-01,MAT-0123,0.0,0.0,0.0
2024-10-01,MAT-0123,0.0,0.0,0.0
2024-11-01,MAT-0123,0.0,0.0,0.0
2024-12-01,MAT-0123,0.0,0.0,0.0
2024-01-01,MAT-0131,0.0,0.0,0.0
2024-02-01,MAT-0131,0.0,0.0,0.0
2024-03-01,MAT-0131,0.0,0.0,0.0
2024-04-01,MAT-0131,0.0,0.0,0.0
2024-05-01,MAT-0131,0.0,0.0,0.0
2024-06-01,MAT-0131,0.0,0.0,0.0
2024-07-01,MAT-0131,0.0,0.0,0.0
2024-08-01,MAT-0131,0.0,0.0,0.0
2024-09-01,MAT-0131,99.0,0.0,99.0
2024-10-01,MAT-0131,0.0,0.0,0.0
2024-11-01,MAT-0131,0.0,0.0,0.0
2024-12-01,MAT-0131,0.0,0.0,0.0
2024-01-01,MAT-0135,0.0,0.0,0.0
2024-02-01,MAT-0135,0.0,0.0,0.0
2024-03-01,MAT-0135,341.0,0.0,341.0
2024-04-01,MAT-0135,0.0,0.0,0.0
2024-05-01,MAT-0135,49.5,0.0,49.5
2024-06-01,MAT-0135,0.0,0.0,0.0
2024-07-01,MAT-0135,0.0,0.0,0.0
2024-08-01,MAT-0135,0.0,0.0,0.0
2024-09-01,MAT-0135,0.0,0.0,0.0
2024-10-01,MAT-0135,0.0,0.0,0.0
2024-11-01,MAT-0135,0.0,0.0,0.0
2024-12-01,MAT-0135,0.0,0.0,0.0
2024-01-01,MAT-0136,0.0,0.0,0.0
2024-02-01,MAT-0136,0.0,0.0,0.0
2024-03-01,MAT-0136,0.0,0.0,0.0
2024-04-01,MAT-0136,0.0,0.0,0.0
2024-05-01,MAT-0136,0.0,0.0,0.0
2024-06-01,MAT-0136,0.0,0.0,0.0
2024-07-01,MAT-0136,0.0,0.0,0.0
2024-08-01,MAT-0136,0.0,0.0,0.0
2024-09-01,MAT-0136,0.0,0.0,0.0
2024-10-01,MAT-0136,0.0,0.0,0.0
2024-11-01,MAT-0136,0.0,0.0,0.0
2024-12-01,MAT-0136,0.0,0.0,0.0
2024-01-01,MAT-0137,0.0,0.0,0.0
2024-02-01,MAT-0137,0.0,0.0,0.0
2024-03-01,MAT-0137,0.0,0.0,0.0
2024-04-01,MAT-0137,0.0,0.0,0.0
2024-05-01,MAT-0137,0.0,0.0,0.0
2024-06-01,MAT-0137,0.0,0.0,0.0
2024-07-01,MAT-0137,0.0,0.0,0.0
2024-08-01,MAT-0137,0.0,0.0,0.0
2024-09-01,MAT-0137,0.0,0.0,0.0
2024-10-01,MAT-0137,0.0,0.0,0.0
2024-11-01,MAT-0137,0.0,0.0,0.0
2024-12-01,MAT-0137,16.5,0.0,16.5
2024-01-01,MAT-0138,0.0,0.0,0.0
2024-02-01,MAT-0138,21.4,0.0,21.4
2024-03-01,MAT-0138,0.0,0.0,0.0
2024-04-01,MAT-0138,0.0,0.0,0.0
2024-05-01,MAT-0138,0.0,0.0,0.0
2024-06-01,MAT-0138,0.0,0.0,0.0
2024-07-01,MAT-0138,0.0,0.0,0.0
2024-08-01,MAT-0138,0.0,0.0,0.0
2024-09-01,MAT-0138,0.0,0.0,0.0
2024-10-01,MAT-0138,0.0,0.0,0.0
2024-11-01,MAT-0138,0.0,0.0,0.0
2024-12-01,MAT-0138,0.0,0.0,0.0
2024-01-01,MAT-0141,72.725,0.0,72.725
2024-02-01,MAT-0141,0.0,0.0,0.0
2024-03-01,MAT-0141,0.0,0.0,0.0
2024-04-01,MAT-0141,0.0,0.0,0.0
2024-05-01,MAT-0141,0.0,0.0,0.0
2024-06-01,MAT-0141,0.0,0.0,0.0
2024-07-01,MAT-0141,0.0,0.0,0.0
2024-08-01,MAT-0141,0.0,0.0,0.0
2024-09-01,MAT-0141,0.0,0.0,0.0
2024-10-01,MAT-0141,0.0,0.0,0.0
2024-11-01,MAT-0141,0.0,0.0,0.0
2024-12-01,MAT-0141,0.0,0.0,0.0
2024-01-01,MAT-0146,0.0,0.0,0.0
2024-02-01,MAT-0146,0.0,0.0,0.0
2024-03-01,MAT-0146,0.0,0.0,0.0
2024-04-01,MAT-0146,0.0,0.0,0.0
2024-05-01,MAT-0146,0.0,0.0,0.0
2024-06-01,MAT-0146,13.725,0.0,13.725
2024-07-01,MAT-0146,0.0,0.0,0.0
2024-08-01,MAT-0146,0.0,0.0,0.0
2024-09-01,MAT-0146,0.0,0.0,0.0
2024-10-01,MAT-0146,0.0,0.0,0.0
2024-11-01,MAT-0146,0.0,0.0,0.0
2024-12-01,MAT-0146,0.0,0.0,0.0
2024-01-01,MAT-0151,0.0,0.0,0.0
2024-02-01,MAT-0151,0.0,0.0,0.0
2024-03-01,MAT-0151,0.0,0.0,0.0
2024-04-01,MAT-0151,0.0,0.0,0.0
2024-05-01,MAT-0151,0.0,0.0,0.0
2024-06-01,MAT-0151,0.0,0.0,0.0
2024-07-01,MAT-0151,0.0,0.0,0.0
2024-08-01,MAT-0151,0.0,0.0,0.0
2024-09-01,MAT-0151,704.625,0.0,704.625
2024-10-01,MAT-0151,2993.3,0.0,2993.3
2024-11-01,MAT-0151,759.825,0.0,759.825
2024-12-01,MAT-0151,887.675,0.0,887.675
2024-01-01,MAT-0156,0.0,0.0,0.0
2024-02-01,MAT-0156,0.0,0.0,0.0
2024-03-01,MAT-0156,0.0,0.0,0.0
2024-04-01,MAT-0156,0.0,0.0,0.0
2024-05-01,MAT-0156,0.0,0.0,0.0
2024-06-01,MAT-0156,0.0,0.0,0.0
2024-07-01,MAT-0156,0.0,0.0,0.0
2024-08-01,MAT-0156,0.0,0.0,0.0
2024-09-01,MAT-0156,0.0,0.0,0.0
2024-10-01,MAT-0156,0.0,0.0,0.0
2024-11-01,MAT-0156,0.0,0.0,0.0
2024-12-01,MAT-0156,0.0,0.0,0.0
2024-01-01,MAT-0163,21.925,0.0,21.925
2024-02-01,MAT-0163,0.0,0.0,0.0
2024-03-01,MAT-0163,0.0,0.0,0.0
2024-04-01,MAT-0163,0.0,0.0,0.0
2024-05-01,MAT-0163,0.0,0.0,0.0
2024-06-01,MAT-0163,0.0,0.0,0.0
2024-07-01,MAT-0163,0.0,0.0,0.0
2024-08-01,MAT-0163,0.0,0.0,0.0
2024-09-01,MAT-0163,0.0,0.0,0.0
2024-10-01,MAT-0163,0.0,0.0,0.0
2024-11-01,MAT-0163,0.0,0.0,0.0
2024-12-01,MAT-0163,0.0,0.0,0.0
2024-01-01,MAT-0174,0.0,0.0,0.0
2024-02-01,MAT-0174,0.0,0.0,0.0
2024-03-01,MAT-0174,353.375,0.0,353.375
2024-04-01,MAT-0174,0.0,0.0,0.0
2024-05-01,MAT-0174,0.0,0.0,0.0
2024-06-01,MAT-0174,0.0,0.0,0.0
2024-07-01,MAT-0174,569.25,0.0,569.25
2024-08-01,MAT-0174,0.0,0.0,0.0
2024-09-01,MAT-0174,0.0,0.0,0.0
2024-10-01,MAT-0174,0.0,0.0,0.0
2024-11-01,MAT-0174,0.0,0.0,0.0
2024-12-01,MAT-0174,0.0,0.0,0.0
2024-01-01,MAT-0177,0.0,0.0,0.0
2024-02-01,MAT-0177,0.0,0.0,0.0
2024-03-01,MAT-0177,0.0,0.0,0.0
2024-04-01,MAT-0177,0.0,0.0,0.0
2024-05-01,MAT-0177,7.2,0.0,7.2
2024-06-01,MAT-0177,0.0,0.0,0.0
2024-07-01,MAT-0177,0.0,0.0,0.0
2024-08-01,MAT-0177,0.0,0.0,0.0
2024-09-01,MAT-0177,0.0,0.0,0.0
2024-10-01,MAT-0177,0.0,0.0,0.0
2024-11-01,MAT-0177,0.0,0.0,0.0
2024-12-01,MAT-0177,0.0,0.0,0.0
2024-01-01,MAT-0178,0.0,0.0,0.0
2024-02-01,MAT-0178,0.0,0.0,0.0
2024-03-01,MAT-0178,0.0,0.0,0.0
2024-04-01,MAT-0178,0.0,0.0,0.0
2024-05-01,MAT-0178,0.0,0.0,0.0
2024-06-01,MAT-0178,0.0,0.0,0.0
2024-07-01,MAT-0178,0.0,0.0,0.0
2024-08-01,MAT-0178,0.0,0.0,0.0
2024-09-01,MAT-0178,0.0,0.0,0.0
2024-10-01,MAT-0178,0.0,0.0,0.0
2024-11-01,MAT-0178,0.0,0.0,0.0
2024-12-01,MAT-0178,0.0,0.0,0.0
2024-01-01,MAT-0179,0.0,0.0,0.0
2024-02-01,MAT-0179,0.0,0.0,0.0
2024-03-01,MAT-0179,0.0,0.0,0.0
2024-04-01,MAT-0179,0.0,0.0,0.0
2024-05-01,MAT-0179,0.0,0.0,0.0
2024-06-01,MAT-0179,23.375,0.0,23.375
2024-07-01,MAT-0179,0.0,0.0,0.0
2024-08-01,MAT-0179,0.0,0.0,0.0
2024-09-01,MAT-0179,0.0,0.0,0.0
2024-10-01,MAT-0179,0.0,0.0,0.0
2024-11-01,MAT-0179,0.0,0.0,0.0
2024-12-01,MAT-0179,0.0,0.0,0.0
2024-01-01,MAT-0182,15.0,0.0,15.0
2024-02-01,MAT-0182,0.0,0.0,0.0
2024-03-01,MAT-0182,0.0,0.0,0.0
2024-04-01,MAT-0182,22.5,0.0,22.5
2024-05-01,MAT-0182,0.0,0.0,0.0
2024-06-01,MAT-0182,0.0,0.0,0.0
2024-07-01,MAT-0182,0.0,0.0,0.0
2024-08-01,MAT-0182,0.0,0.0,0.0
2024-09-01,MAT-0182,0.0,0.0,0.0
2024-10-01,MAT-0182,0.0,0.0,0.0
2024-11-01,MAT-0182,0.0,0.0,0.0
2024-12-01,MAT-0182,0.0,0.0,0.0
2024-01-01,MAT-0192,85.25,0.0,85.25
2024-02-01,MAT-0192,0.0,0.0,0.0
2024-03-01,MAT-0192,0.0,0.0,0.0
2024-04-01,MAT-0192,0.0,0.0,0.0
2024-05-01,MAT-0192,0.0,0.0,0.0
2024-06-01,MAT-0192,0.0,0.0,0.0
2024-07-01,MAT-0192,0.0,0.0,0.0
2024-08-01,MAT-0192,0.0,0.0,0.0
2024-09-01,MAT-0192,0.0,0.0,0.0
2024-10-01,MAT-0192,0.0,0.0,0.0
2024-11-01,MAT-0192,0.0,0.0,0.0
2024-12-01,MAT-0192,0.0,0.0,0.0
2024-01-01,MAT-0194,5.425,0.0,5.425
2024-02-01,MAT-0194,0.0,0.0,0.0
2024-03-01,MAT-0194,0.0,0.0,0.0
2024-04-01,MAT-0194,0.0,0.0,0.0
2024-05-01,MAT-0194,0.0,0.0,0.0
2024-06-01,MAT-0194,0.0,0.0,0.0
2024-07-01,MAT-0194,0.0,0.0,0.0
2024-08-01,MAT-0194,0.0,0.0,0.0
2024-09-01,MAT-0194,0.0,0.0,0.0
2024-10-01,MAT-0194,0.0,0.0,0.0
2024-11-01,MAT-0194,0.0,0.0,0.0
2024-12-01,MAT-0194,0.0,0.0,0.0
2024-01-01,MAT-0207,0.0,0.0,0.0
2024-02-01,MAT-0207,0.0,0.0,0.0
2024-03-01,MAT-0207,93.5,0.0,93.5
2024-04-01,MAT-0207,0.0,0.0,0.0
2024-05-01,MAT-0207,220.0,0.0,220.0
2024-06-01,MAT-0207,0.0,0.0,0.0
2024-07-01,MAT-0207,0.0,0.0,0.0
2024-08-01,MAT-0207,0.0,0.0,0.0
2024-09-01,MAT-0207,0.0,0.0,0.0
2024-10-01,MAT-0207,0.0,0.0,0.0
2024-11-01,MAT-0207,0.0,0.0,0.0
2024-12-01,MAT-0207,0.0,0.0,0.0
2024-01-01,MAT-0210,364.375,0.0,364.375
2024-02-01,MAT-0210,0.0,0.0,0.0
2024-03-01,MAT-0210,0.0,0.0,0.0
2024-04-01,MAT-0210,49.5,0.0,49.5
2024-05-01,MAT-0210,0.0,0.0,0.0
2024-06-01,MAT-0210,0.0,0.0,0.0
2024-07-01,MAT-0210,173.25,0.0,173.25
2024-08-01,MAT-0210,0.0,0.0,0.0
2024-09-01,MAT-0210,0.0,0.0,0.0
2024-10-01,MAT-0210,0.0,0.0,0.0
2024-11-01,MAT-0210,0.0,0.0,0.0
2024-12-01,MAT-0210,0.0,0.0,0.0
2024-01-01,MAT-0217,0.0,0.0,0.0
2024-02-01,MAT-0217,0.0,0.0,0.0
2024-03-01,MAT-0217,0.0,0.0,0.0
2024-04-01,MAT-0217,0.0,0.0,0.0
2024-05-01,MAT-0217,0.0,0.0,0.0
2024-06-01,MAT-0217,0.0,0.0,0.0
2024-07-01,MAT-0217,0.0,0.0,0.0
2024-08-01,MAT-0217,0.0,0.0,0.0
2024-09-01,MAT-0217,0.0,0.0,0.0
2024-10-01,MAT-0217,0.0,0.0,0.0
2024-11-01,MAT-0217,0.0,0.0,0.0
2024-12-01,MAT-0217,101.25,0.0,101.25
2024-01-01,MAT-0221,323.675,0.0,323.675
2024-02-01,MAT-0221,67.5,0.0,67.5
2024-03-01,MAT-0221,112.5,0.0,112.5
2024-04-01,MAT-0221,0.0,0.0,0.0
2024-05-01,MAT-0221,0.0,0.0,0.0
2024-06-01,MAT-0221,0.0,0.0,0.0
2024-07-01,MAT-0221,0.0,0.0,0.0
2024-08-01,MAT-0221,0.0,0.0,0.0
2024-09-01,MAT-0221,270.0,0.0,270.0
2024-10-01,MAT-0221,0.0,0.0,0.0
2024-11-01,MAT-0221,0.0,0.0,0.0
2024-12-01,MAT-0221,0.0,0.0,0.0
2024-01-01,MAT-0228,53.625,0.0,53.625
2024-02-01,MAT-0228,0.0,0.0,0.0
2024-03-01,MAT-0228,0.0,0.0,0.0
2024-04-01,MAT-0228,0.0,0.0,0.0
2024-05-01,MAT-0228,0.0,0.0,0.0
2024-06-01,MAT-0228,0.0,0.0,0.0
2024-07-01,MAT-0228,0.0,0.0,0.0
2024-08-01,MAT-0228,0.0,0.0,0.0
2024-09-01,MAT-0228,346.5,0.0,346.5
2024-10-01,MAT-0228,0.0,0.0,0.0
2024-11-01,MAT-0228,0.0,0.0,0.0
2024-12-01,MAT-0228,0.0,0.0,0.0
2024-01-01,MAT-0233,0.0,0.0,0.0
2024-02-01,MAT-0233,0.0,0.0,0.0
2024-03-01,MAT-0233,0.0,0.0,0.0
2024-04-01,MAT-0233,0.0,0.0,0.0
2024-05-01,MAT-0233,0.0,0.0,0.0
2024-06-01,MAT-0233,0.0,0.0,0.0
2024-07-01,MAT-0233,0.0,0.0,0.0
2024-08-01,MAT-0233,0.0,0.0,0.0
2024-09-01,MAT-0233,0.0,0.0,0.0
2024-10-01,MAT-0233,0.0,0.0,0.0
2024-11-01,MAT-0233,0.0,0.0,0.0
2024-12-01,MAT-0233,0.0,0.0,0.0
2024-01-01,MAT-0234,977.375,0.0,977.375
2024-02-01,MAT-0234,644.425,0.0,644.425
2024-03-01,MAT-0234,0.0,0.0,0.0
2024-04-01,MAT-0234,1113.75,0.0,1113.75
2024-05-01,MAT-0234,247.5,0.0,247.5
2024-06-01,MAT-0234,0.0,0.0,0.0
2024-07-01,MAT-0234,0.0,0.0,0.0
2024-08-01,MAT-0234,3836.25,0.0,3836.25
2024-09-01,MAT-0234,99.0,0.0,99.0
2024-10-01,MAT-0234,0.0,0.0,0.0
2024-11-01,MAT-0234,0.0,0.0,0.0
2024-12-01,MAT-0234,0.0,0.0,0.0
2024-01-01,MAT-0236,0.0,0.0,0.0
2024-02-01,MAT-0236,0.0,0.0,0.0
2024-03-01,MAT-0236,1.0,0.0,1.0
2024-04-01,MAT-0236,0.0,0.0,0.0
2024-05-01,MAT-0236,0.0,0.0,0.0
2024-06-01,MAT-0236,0.0,0.0,0.0
2024-07-01,MAT-0236,0.0,0.0,0.0
2024-08-01,MAT-0236,0.0,0.0,0.0
2024-09-01,MAT-0236,0.0,0.0,0.0
2024-10-01,MAT-0236,0.0,0.0,0.0
2024-11-01,MAT-0236,0.0,0.0,0.0
2024-12-01,MAT-0236,0.0,0.0,0.0
2024-01-01,MAT-0237,0.0,0.0,0.0
2024-02-01,MAT-0237,0.0,0.0,0.0
2024-03-01,MAT-0237,0.0,0.0,0.0
2024-04-01,MAT-0237,0.0,0.0,0.0
2024-05-01,MAT-0237,0.0,0.0,0.0
2024-06-01,MAT-0237,0.0,0.0,0.0
2024-07-01,MAT-0237,0.0,0.0,0.0
2024-08-01,MAT-0237,0.0,0.0,0.0
2024-09-01,MAT-0237,0.0,0.0,0.0
2024-10-01,MAT-0237,0.0,0.0,0.0
2024-11-01,MAT-0237,0.0,0.0,0.0
2024-12-01,MAT-0237,0.0,0.0,0.0
2024-01-01,MAT-0241,0.0,0.0,0.0
2024-02-01,MAT-0241,0.0,0.0,0.0
2024-03-01,MAT-0241,3.6,0.0,3.6
2024-04-01,MAT-0241,0.0,0.0,0.0
2024-05-01,MAT-0241,0.0,0.0,0.0
2024-06-01,MAT-0241,0.0,0.0,0.0
2024-07-01,MAT-0241,0.0,0.0,0.0
2024-08-01,MAT-0241,0.0,0.0,0.0
2024-09-01,MAT-0241,0.0,0.0,0.0
2024-10-01,MAT-0241,0.0,0.0,0.0
2024-11-01,MAT-0241,0.0,0.0,0.0
2024-12-01,MAT-0241,0.0,0.0,0.0
2024-01-01,MAT-0242,0.0,0.0,0.0
2024-02-01,MAT-0242,0.0,0.0,0.0
2024-03-01,MAT-0242,0.0,0.0,0.0
2024-04-01,MAT-0242,0.0,0.0,0.0
2024-05-01,MAT-0242,0.0,0.0,0.0
2024-06-01,MAT-0242,0.0,0.0,0.0
2024-07-01,MAT-0242,0.0,0.0,0.0
2024-08-01,MAT-0242,0.0,0.0,0.0
2024-09-01,MAT-0242,0.0,0.0,0.0
2024-10-01,MAT-0242,80.725,0.0,80.725
2024-11-01,MAT-0242,0.0,0.0,0.0
2024-12-01,MAT-0242,0.0,0.0,0.0
2024-01-01,MAT-0243,59.475,0.0,59.475
2024-02-01,MAT-0243,46.75,0.0,46.75
2024-03-01,MAT-0243,0.0,0.0,0.0
2024-04-01,MAT-0243,371.25,0.0,371.25
2024-05-01,MAT-0243,0.0,0.0,0.0
2024-06-01,MAT-0243,0.0,0.0,0.0
2024-07-01,MAT-0243,0.0,0.0,0.0
2024-08-01,MAT-0243,0.0,0.0,0.0
2024-09-01,MAT-0243,1658.25,0.0,1658.25
2024-10-01,MAT-0243,0.0,0.0,0.0
2024-11-01,MAT-0243,247.5,0.0,247.5
2024-12-01,MAT-0243,0.0,0.0,0.0
2024-01-01,MAT-0246,0.0,0.0,0.0
2024-02-01,MAT-0246,0.0,0.0,0.0
2024-03-01,MAT-0246,22.2,0.0,22.2
2024-04-01,MAT-0246,0.0,0.0,0.0
2024-05-01,MAT-0246,0.0,0.0,0.0
2024-06-01,MAT-0246,0.0,0.0,0.0
2024-07-01,MAT-0246,0.0,0.0,0.0
2024-08-01,MAT-0246,0.0,0.0,0.0
2024-09-01,MAT-0246,0.0,0.0,0.0
2024-10-01,MAT-0246,0.0,0.0,0.0
2024-11-01,MAT-0246,0.0,0.0,0.0
2024-12-01,MAT-0246,0.0,0.0,0.0
2024-01-01,MAT-0247,0.0,0.0,0.0
2024-02-01,MAT-0247,0.0,0.0,0.0
2024-03-01,MAT-0247,0.0,0.0,0.0
2024-04-01,MAT-0247,0.0,0.0,0.0
2024-05-01,MAT-0247,1861.75,0.0,1861.75
2024-06-01,MAT-0247,0.0,0.0,0.0
2024-07-01,MAT-0247,0.0,0.0,0.0
2024-08-01,MAT-0247,247.5,0.0,247.5
2024-09-01,MAT-0247,0.0,0.0,0.0
2024-10-01,MAT-0247,0.0,0.0,0.0
2024-11-01,MAT-0247,594.0,0.0,594.0
2024-12-01,MAT-0247,247.5,0.0,247.5
2024-01-01,MAT-0248,0.0,0.0,0.0
2024-02-01,MAT-0248,0.0,0.0,0.0
2024-03-01,MAT-0248,8.6,0.0,8.6
2024-04-01,MAT-0248,0.0,0.0,0.0
2024-05-01,MAT-0248,0.0,0.0,0.0
2024-06-01,MAT-0248,0.0,0.0,0.0
2024-07-01,MAT-0248,0.0,0.0,0.0
2024-08-01,MAT-0248,0.0,0.0,0.0
2024-09-01,MAT-0248,0.0,0.0,0.0
2024-10-01,MAT-0248,0.0,0.0,0.0
2024-11-01,MAT-0248,0.0,0.0,0.0
2024-12-01,MAT-0248,0.0,0.0,0.0
2024-01-01,MAT-0252,0.0,0.0,0.0
2024-02-01,MAT-0252,0.0,0.0,0.0
2024-03-01,MAT-0252,0.0,0.0,0.0
2024-04-01,MAT-0252,0.0,0.0,0.0
2024-05-01,MAT-0252,0.0,0.0,0.0
2024-06-01,MAT-0252,0.0,0.0,0.0
2024-07-01,MAT-0252,0.0,0.0,0.0
2024-08-01,MAT-0252,0.0,0.0,0.0
2024-09-01,MAT-0252,0.0,0.0,0.0
2024-10-01,MAT-0252,0.0,0.0,0.0
2024-11-01,MAT-0252,0.0,0.0,0.0
2024-12-01,MAT-0252,0.0,0.0,0.0
2024-01-01,MAT-0260,0.0,0.0,0.0
2024-02-01,MAT-0260,0.0,0.0,0.0
2024-03-01,MAT-0260,0.0,0.0,0.0
2024-04-01,MAT-0260,0.0,0.0,0.0
2024-05-01,MAT-0260,0.0,0.0,0.0
2024-06-01,MAT-0260,4.2,0.0,4.2
2024-07-01,MAT-0260,0.0,0.0,0.0
2024-08-01,MAT-0260,0.0,0.0,0.0
2024-09-01,MAT-0260,0.0,0.0,0.0
2024-10-01,MAT-0260,0.0,0.0,0.0
2024-11-01,MAT-0260,0.0,0.0,0.0
2024-12-01,MAT-0260,0.0,0.0,0.0
2024-01-01,MAT-0267,5.5,0.0,5.5
2024-02-01,MAT-0267,0.0,0.0,0.0
2024-03-01,MAT-0267,0.0,0.0,0.0
2024-04-01,MAT-0267,0.0,0.0,0.0
2024-05-01,MAT-0267,0.0,0.0,0.0
2024-06-01,MAT-0267,0.0,0.0,0.0
2024-07-01,MAT-0267,0.0,0.0,0.0
2024-08-01,MAT-0267,0.0,0.0,0.0
2024-09-01,MAT-0267,0.0,0.0,0.0
2024-10-01,MAT-0267,346.5,0.0,346.5
2024-11-01,MAT-0267,0.0,0.0,0.0
2024-12-01,MAT-0267,0.0,0.0,0.0
2024-01-01,MAT-0268,0.0,0.0,0.0
2024-02-01,MAT-0268,0.0,0.0,0.0
2024-03-01,MAT-0268,0.0,0.0,0.0
2024-04-01,MAT-0268,0.0,0.0,0.0
2024-05-01,MAT-0268,0.0,0.0,0.0
2024-06-01,MAT-0268,0.0,0.0,0.0
2024-07-01,MAT-0268,0.0,0.0,0.0
2024-08-01,MAT-0268,0.0,0.0,0.0
2024-09-01,MAT-0268,0.0,0.0,0.0
2024-10-01,MAT-0268,0.0,0.0,0.0
2024-11-01,MAT-0268,0.0,0.0,0.0
2024-12-01,MAT-0268,0.0,0.0,0.0
2024-01-01,MAT-0269,0.0,0.0,0.0
2024-02-01,MAT-0269,0.0,0.0,0.0
2024-03-01,MAT-0269,0.0,0.0,0.0
2024-04-01,MAT-0269,0.0,0.0,0.0
2024-05-01,MAT-0269,0.0,0.0,0.0
2024-06-01,MAT-0269,17.65,0.0,17.65
2024-07-01,MAT-0269,0.0,0.0,0.0
2024-08-01,MAT-0269,0.0,0.0,0.0
2024-09-01,MAT-0269,0.0,0.0,0.0
2024-10-01,MAT-0269,0.0,0.0,0.0
2024-11-01,MAT-0269,0.0,0.0,0.0
2024-12-01,MAT-0269,0.0,0.0,0.0
2024-01-01,MAT-0271,0.0,0.0,0.0
2024-02-01,MAT-0271,0.0,0.0,0.0
2024-03-01,MAT-0271,0.0,0.0,0.0
2024-04-01,MAT-0271,0.0,0.0,0.0
2024-05-01,MAT-0271,0.0,0.0,0.0
2024-06-01,MAT-0271,0.0,0.0,0.0
2024-07-01,MAT-0271,0.0,0.0,0.0
2024-08-01,MAT-0271,0.0,0.0,0.0
2024-09-01,MAT-0271,0.0,0.0,0.0
2024-10-01,MAT-0271,0.0,0.0,0.0
2024-11-01,MAT-0271,0.0,0.0,0.0
2024-12-01,MAT-0271,0.0,0.0,0.0
2024-01-01,MAT-0273,171.875,0.0,171.875
2024-02-01,MAT-0273,0.0,0.0,0.0
2024-03-01,MAT-0273,0.0,0.0,0.0
2024-04-01,MAT-0273,0.0,0.0,0.0
2024-05-01,MAT-0273,0.0,0.0,0.0
2024-06-01,MAT-0273,0.0,0.0,0.0
2024-07-01,MAT-0273,0.0,0.0,0.0
2024-08-01,MAT-0273,0.0,0.0,0.0
2024-09-01,MAT-0273,173.25,0.0,173.25
2024-10-01,MAT-0273,0.0,0.0,0.0
2024-11-01,MAT-0273,0.0,0.0,0.0
2024-12-01,MAT-0273,0.0,0.0,0.0
2024-01-01,MAT-0274,0.0,0.0,0.0
2024-02-01,MAT-0274,0.0,0.0,0.0
2024-03-01,MAT-0274,19.25,0.0,19.25
2024-04-01,MAT-0274,0.0,0.0,0.0
2024-05-01,MAT-0274,0.0,0.0,0.0
2024-06-01,MAT-0274,0.0,0.0,0.0
2024-07-01,MAT-0274,0.0,0.0,0.0
2024-08-01,MAT-0274,0.0,0.0,0.0
2024-09-01,MAT-0274,0.0,0.0,0.0
2024-10-01,MAT-0274,0.0,0.0,0.0
2024-11-01,MAT-0274,0.0,0.0,0.0
2024-12-01,MAT-0274,0.0,0.0,0.0
2024-01-01,MAT-0276,0.0,0.0,0.0
2024-02-01,MAT-0276,0.0,0.0,0.0
2024-03-01,MAT-0276,0.0,0.0,0.0
2024-04-01,MAT-0276,0.0,0.0,0.0
2024-05-01,MAT-0276,0.0,0.0,0.0
2024-06-01,MAT-0276,0.0,0.0,0.0
2024-07-01,MAT-0276,4.125,0.0,4.125
2024-08-01,MAT-0276,0.0,0.0,0.0
2024-09-01,MAT-0276,0.0,0.0,0.0
2024-10-01,MAT-0276,0.0,0.0,0.0
2024-11-01,MAT-0276,0.0,0.0,0.0
2024-12-01,MAT-0276,0.0,0.0,0.0
2024-01-01,MAT-0292,0.0,0.0,0.0
2024-02-01,MAT-0292,0.0,0.0,0.0
2024-03-01,MAT-0292,173.25,0.0,173.25
2024-04-01,MAT-0292,0.0,0.0,0.0
2024-05-01,MAT-0292,0.0,0.0,0.0
2024-06-01,MAT-0292,0.0,0.0,0.0
2024-07-01,MAT-0292,0.0,0.0,0.0
2024-08-01,MAT-0292,0.0,0.0,0.0
2024-09-01,MAT-0292,0.0,0.0,0.0
2024-10-01,MAT-0292,0.0,0.0,0.0
2024-11-01,MAT-0292,0.0,0.0,0.0
2024-12-01,MAT-0292,0.0,0.0,0.0
2024-01-01,MAT-0293,22.5,0.0,22.5
2024-02-01,MAT-0293,0.0,0.0,0.0
2024-03-01,MAT-0293,0.0,0.0,0.0
2024-04-01,MAT-0293,0.0,0.0,0.0
2024-05-01,MAT-0293,0.0,0.0,0.0
2024-06-01,MAT-0293,0.0,0.0,0.0
2024-07-01,MAT-0293,0.0,0.0,0.0
2024-08-01,MAT-0293,0.0,0.0,0.0
2024-09-01,MAT-0293,0.0,0.0,0.0
2024-10-01,MAT-0293,0.0,0.0,0.0
2024-11-01,MAT-0293,0.0,0.0,0.0
2024-12-01,MAT-0293,0.0,0.0,0.0
2024-01-01,MAT-0295,0.0,0.0,0.0
2024-02-01,MAT-0295,0.0,0.0,0.0
2024-03-01,MAT-0295,0.0,0.0,0.0
2024-04-01,MAT-0295,0.0,0.0,0.0
2024-05-01,MAT-0295,0.0,0.0,0.0
2024-06-01,MAT-0295,0.0,0.0,0.0
2024-07-01,MAT-0295,0.0,0.0,0.0
2024-08-01,MAT-0295,0.0,0.0,0.0
2024-09-01,MAT-0295,0.0,0.0,0.0
2024-10-01,MAT-0295,0.0,0.0,0.0
2024-11-01,MAT-0295,0.0,0.0,0.0
2024-12-01,MAT-0295,0.0,0.0,0.0
2024-01-01,MAT-0301,0.0,0.0,0.0
2024-02-01,MAT-0301,0.0,0.0,0.0
2024-03-01,MAT-0301,0.0,0.0,0.0
2024-04-01,MAT-0301,0.0,0.0,0.0
2024-05-01,MAT-0301,0.0,0.0,0.0
2024-06-01,MAT-0301,0.0,0.0,0.0
2024-07-01,MAT-0301,0.0,0.0,0.0
2024-08-01,MAT-0301,0.0,0.0,0.0
2024-09-01,MAT-0301,0.0,0.0,0.0
2024-10-01,MAT-0301,0.0,0.0,0.0
2024-11-01,MAT-0301,0.0,0.0,0.0
2024-12-01,MAT-0301,380.85,0.0,380.85
2024-01-01,MAT-0302,0.0,0.0,0.0
2024-02-01,MAT-0302,0.0,0.0,0.0
2024-03-01,MAT-0302,0.0,0.0,0.0
2024-04-01,MAT-0302,0.0,0.0,0.0
2024-05-01,MAT-0302,0.0,0.0,0.0
2024-06-01,MAT-0302,0.0,0.0,0.0
2024-07-01,MAT-0302,0.0,0.0,0.0
2024-08-01,MAT-0302,0.0,0.0,0.0
2024-09-01,MAT-0302,0.0,0.0,0.0
2024-10-01,MAT-0302,0.0,0.0,0.0
2024-11-01,MAT-0302,0.0,0.0,0.0
2024-12-01,MAT-0302,1171.3,0.0,1171.3
2024-01-01,MAT-0303,0.0,0.0,0.0
2024-02-01,MAT-0303,340.0,0.0,340.0
2024-03-01,MAT-0303,88.925,0.0,88.925
2024-04-01,MAT-0303,473.575,0.0,473.575
2024-05-01,MAT-0303,0.0,0.0,0.0
2024-06-01,MAT-0303,0.0,0.0,0.0
2024-07-01,MAT-0303,0.0,0.0,0.0
2024-08-01,MAT-0303,112.5,0.0,112.5
2024-09-01,MAT-0303,0.0,0.0,0.0
2024-10-01,MAT-0303,0.0,0.0,0.0
2024-11-01,MAT-0303,0.0,0.0,0.0
2024-12-01,MAT-0303,0.0,0.0,0.0
2024-01-01,MAT-0304,0.0,0.0,0.0
2024-02-01,MAT-0304,126.25,0.0,126.25
2024-03-01,MAT-0304,0.0,0.0,0.0
2024-04-01,MAT-0304,0.0,0.0,0.0
2024-05-01,MAT-0304,0.0,0.0,0.0
2024-06-01,MAT-0304,0.0,0.0,0.0
2024-07-01,MAT-0304,0.0,0.0,0.0
2024-08-01,MAT-0304,0.0,0.0,0.0
2024-09-01,MAT-0304,67.5,0.0,67.5
2024-10-01,MAT-0304,0.0,0.0,0.0
2024-11-01,MAT-0304,0.0,0.0,0.0
2024-12-01,MAT-0304,0.0,0.0,0.0
2024-01-01,MAT-0305,0.0,0.0,0.0
2024-02-01,MAT-0305,0.0,0.0,0.0
2024-03-01,MAT-0305,0.0,0.0,0.0
2024-04-01,MAT-0305,0.0,0.0,0.0
2024-05-01,MAT-0305,0.0,0.0,0.0
2024-06-01,MAT-0305,0.0,0.0,0.0
2024-07-01,MAT-0305,0.0,0.0,0.0
2024-08-01,MAT-0305,0.0,0.0,0.0
2024-09-01,MAT-0305,0.0,0.0,0.0
2024-10-01,MAT-0305,301.125,0.0,301.125
2024-11-01,MAT-0305,0.0,0.0,0.0
2024-12-01,MAT-0305,0.0,0.0,0.0
2024-01-01,MAT-0308,42.575,0.0,42.575
2024-02-01,MAT-0308,0.0,0.0,0.0
2024-03-01,MAT-0308,222.75,0.0,222.75
2024-04-01,MAT-0308,140.25,0.0,140.25
2024-05-01,MAT-0308,0.0,0.0,0.0
2024-06-01,MAT-0308,0.0,0.0,0.0
2024-07-01,MAT-0308,0.0,0.0,0.0
2024-08-01,MAT-0308,0.0,0.0,0.0
2024-09-01,MAT-0308,0.0,0.0,0.0
2024-10-01,MAT-0308,0.0,0.0,0.0
2024-11-01,MAT-0308,0.0,0.0,0.0
2024-12-01,MAT-0308,0.0,0.0,0.0
2024-01-01,MAT-0316,0.0,0.0,0.0
2024-02-01,MAT-0316,0.0,0.0,0.0
2024-03-01,MAT-0316,0.0,0.0,0.0
2024-04-01,MAT-0316,15.1,0.0,15.1
2024-05-01,MAT-0316,0.0,0.0,0.0
2024-06-01,MAT-0316,0.0,0.0,0.0
2024-07-01,MAT-0316,0.0,0.0,0.0
2024-08-01,MAT-0316,0.0,0.0,0.0
2024-09-01,MAT-0316,0.0,0.0,0.0
2024-10-01,MAT-0316,0.0,0.0,0.0
2024-11-01,MAT-0316,0.0,0.0,0.0
2024-12-01,MAT-0316,0.0,0.0,0.0
2024-01-01,MAT-0319,0.0,0.0,0.0
2024-02-01,MAT-0319,0.0,0.0,0.0
2024-03-01,MAT-0319,0.0,0.0,0.0
2024-04-01,MAT-0319,0.0,0.0,0.0
2024-05-01,MAT-0319,0.0,0.0,0.0
2024-06-01,MAT-0319,0.0,0.0,0.0
2024-07-01,MAT-0319,0.0,0.0,0.0
2024-08-01,MAT-0319,0.0,0.0,0.0
2024-09-01,MAT-0319,0.0,0.0,0.0
2024-10-01,MAT-0319,0.0,0.0,0.0
2024-11-01,MAT-0319,0.0,0.0,0.0
2024-12-01,MAT-0319,10.85,0.0,10.85
2024-01-01,MAT-0320,0.0,0.0,0.0
2024-02-01,MAT-0320,0.0,0.0,0.0
2024-03-01,MAT-0320,0.0,0.0,0.0
2024-04-01,MAT-0320,0.0,0.0,0.0
2024-05-01,MAT-0320,0.0,0.0,0.0
2024-06-01,MAT-0320,0.0,0.0,0.0
2024-07-01,MAT-0320,0.0,0.0,0.0
2024-08-01,MAT-0320,0.0,0.0,0.0
2024-09-01,MAT-0320,0.0,0.0,0.0
2024-10-01,MAT-0320,0.0,0.0,0.0
2024-11-01,MAT-0320,0.0,0.0,0.0
2024-12-01,MAT-0320,421.45,0.0,421.45
2024-01-01,MAT-0322,0.0,0.0,0.0
2024-02-01,MAT-0322,0.0,0.0,0.0
2024-03-01,MAT-0322,24.75,0.0,24.75
2024-04-01,MAT-0322,0.0,0.0,0.0
2024-05-01,MAT-0322,0.0,0.0,0.0
2024-06-01,MAT-0322,0.0,0.0,0.0
2024-07-01,MAT-0322,0.0,0.0,0.0
2024-08-01,MAT-0322,0.0,0.0,0.0
2024-09-01,MAT-0322,0.0,0.0,0.0
2024-10-01,MAT-0322,0.0,0.0,0.0
2024-11-01,MAT-0322,0.0,0.0,0.0
2024-12-01,MAT-0322,0.0,0.0,0.0
2024-01-01,MAT-0323,0.0,0.0,0.0
2024-02-01,MAT-0323,0.0,0.0,0.0
2024-03-01,MAT-0323,0.0,0.0,0.0
2024-04-01,MAT-0323,0.0,0.0,0.0
2024-05-01,MAT-0323,0.0,0.0,0.0
2024-06-01,MAT-0323,0.0,0.0,0.0
2024-07-01,MAT-0323,0.0,0.0,0.0
2024-08-01,MAT-0323,0.0,0.0,0.0
2024-09-01,MAT-0323,0.0,0.0,0.0
2024-10-01,MAT-0323,0.0,0.0,0.0
2024-11-01,MAT-0323,0.0,0.0,0.0
2024-12-01,MAT-0323,0.0,0.0,0.0
2024-01-01,MAT-0327,251.075,0.0,251.075
2024-02-01,MAT-0327,121.0,0.0,121.0
2024-03-01,MAT-0327,0.0,0.0,0.0
2024-04-01,MAT-0327,0.0,0.0,0.0
2024-05-01,MAT-0327,0.0,0.0,0.0
2024-06-01,MAT-0327,0.0,0.0,0.0
2024-07-01,MAT-0327,0.0,0.0,0.0
2024-08-01,MAT-0327,0.0,0.0,0.0
2024-09-01,MAT-0327,0.0,0.0,0.0
2024-10-01,MAT-0327,0.0,0.0,0.0
2024-11-01,MAT-0327,0.0,0.0,0.0
2024-12-01,MAT-0327,0.0,0.0,0.0
2024-01-01,MAT-0335,0.0,0.0,0.0
2024-02-01,MAT-0335,3348.275,0.0,3348.275
2024-03-01,MAT-0335,2150.725,0.0,2150.725
2024-04-01,MAT-0335,0.0,0.0,0.0
2024-05-01,MAT-0335,1966.25,0.0,1966.25
2024-06-01,MAT-0335,0.0,0.0,0.0
2024-07-01,MAT-0335,1888.05,0.0,1888.05
2024-08-01,MAT-0335,0.0,0.0,0.0
2024-09-01,MAT-0335,0.0,0.0,0.0
2024-10-01,MAT-0335,0.0,0.0,0.0
2024-11-01,MAT-0335,0.0,0.0,0.0
2024-12-01,MAT-0335,7215.825,0.0,7215.825
2024-01-01,MAT-0336,0.0,0.0,0.0
2024-02-01,MAT-0336,0.0,0.0,0.0
2024-03-01,MAT-0336,0.0,0.0,0.0
2024-04-01,MAT-0336,0.0,0.0,0.0
2024-05-01,MAT-0336,0.0,0.0,0.0
2024-06-01,MAT-0336,0.0,0.0,0.0
2024-07-01,MAT-0336,0.0,0.0,0.0
2024-08-01,MAT-0336,655.7,0.0,655.7
2024-09-01,MAT-0336,0.0,0.0,0.0
2024-10-01,MAT-0336,0.0,0.0,0.0
2024-11-01,MAT-0336,0.0,0.0,0.0
2024-12-01,MAT-0336,0.0,0.0,0.0
2024-01-01,MAT-0338,0.0,0.0,0.0
2024-02-01,MAT-0338,0.0,0.0,0.0
2024-03-01,MAT-0338,0.0,0.0,0.0
2024-04-01,MAT-0338,0.0,0.0,0.0
2024-05-01,MAT-0338,213.425,0.0,213.425
2024-06-01,MAT-0338,0.0,0.0,0.0
2024-07-01,MAT-0338,0.0,0.0,0.0
2024-08-01,MAT-0338,0.0,0.0,0.0
2024-09-01,MAT-0338,0.0,0.0,0.0
2024-10-01,MAT-0338,0.0,0.0,0.0
2024-11-01,MAT-0338,0.0,0.0,0.0
2024-12-01,MAT-0338,0.0,0.0,0.0
2024-01-01,MAT-0339,0.0,0.0,0.0
2024-02-01,MAT-0339,0.0,0.0,0.0
2024-03-01,MAT-0339,38.9,0.0,38.9
2024-04-01,MAT-0339,0.0,0.0,0.0
2024-05-01,MAT-0339,0.0,0.0,0.0
2024-06-01,MAT-0339,0.0,0.0,0.0
2024-07-01,MAT-0339,0.0,0.0,0.0
2024-08-01,MAT-0339,0.0,0.0,0.0
2024-09-01,MAT-0339,0.0,0.0,0.0
2024-10-01,MAT-0339,0.0,0.0,0.0
2024-11-01,MAT-0339,0.0,0.0,0.0
2024-12-01,MAT-0339,0.0,0.0,0.0
2024-01-01,MAT-0340,1131.55,0.0,1131.55
2024-02-01,MAT-0340,247.5,0.0,247.5
2024-03-01,MAT-0340,0.0,0.0,0.0
2024-04-01,MAT-0340,0.0,0.0,0.0
2024-05-01,MAT-0340,2433.144,0.0,2433.144
2024-06-01,MAT-0340,0.0,0.0,0.0
2024-07-01,MAT-0340,0.0,0.0,0.0
2024-08-01,MAT-0340,0.0,0.0,0.0
2024-09-01,MAT-0340,0.0,0.0,0.0
2024-10-01,MAT-0340,0.0,0.0,0.0
2024-11-01,MAT-0340,0.0,0.0,0.0
2024-12-01,MAT-0340,0.0,0.0,0.0
2024-01-01,MAT-0344,156.75,0.0,156.75
2024-02-01,MAT-0344,0.0,0.0,0.0
2024-03-01,MAT-0344,0.0,0.0,0.0
2024-04-01,MAT-0344,0.0,0.0,0.0
2024-05-01,MAT-0344,0.0,0.0,0.0
2024-06-01,MAT-0344,0.0,0.0,0.0
2024-07-01,MAT-0344,0.0,0.0,0.0
2024-08-01,MAT-0344,0.0,0.0,0.0
2024-09-01,MAT-0344,0.0,0.0,0.0
2024-10-01,MAT-0344,0.0,0.0,0.0
2024-11-01,MAT-0344,0.0,0.0,0.0
2024-12-01,MAT-0344,0.0,0.0,0.0
2024-01-01,MAT-0345,296.125,0.0,296.125
2024-02-01,MAT-0345,0.0,0.0,0.0
2024-03-01,MAT-0345,0.0,0.0,0.0
2024-04-01,MAT-0345,0.0,0.0,0.0
2024-05-01,MAT-0345,0.0,0.0,0.0
2024-06-01,MAT-0345,0.0,0.0,0.0
2024-07-01,MAT-0345,0.0,0.0,0.0
2024-08-01,MAT-0345,0.0,0.0,0.0
2024-09-01,MAT-0345,270.0,0.0,270.0
2024-10-01,MAT-0345,0.0,0.0,0.0
2024-11-01,MAT-0345,0.0,0.0,0.0
2024-12-01,MAT-0345,0.0,0.0,0.0
2024-01-01,MAT-0346,0.85,0.0,0.85
2024-02-01,MAT-0346,0.0,0.0,0.0
2024-03-01,MAT-0346,0.0,0.0,0.0
2024-04-01,MAT-0346,0.0,0.0,0.0
2024-05-01,MAT-0346,0.0,0.0,0.0
2024-06-01,MAT-0346,0.0,0.0,0.0
2024-07-01,MAT-0346,0.0,0.0,0.0
2024-08-01,MAT-0346,1089.0,0.0,1089.0
2024-09-01,MAT-0346,0.0,0.0,0.0
2024-10-01,MAT-0346,0.0,0.0,0.0
2024-11-01,MAT-0346,0.0,0.0,0.0
2024-12-01,MAT-0346,0.0,0.0,0.0
2024-01-01,MAT-0351,20.6,0.0,20.6
2024-02-01,MAT-0351,0.0,0.0,0.0
2024-03-01,MAT-0351,0.0,0.0,0.0
2024-04-01,MAT-0351,0.0,0.0,0.0
2024-05-01,MAT-0351,0.0,0.0,0.0
2024-06-01,MAT-0351,0.0,0.0,0.0
2024-07-01,MAT-0351,0.0,0.0,0.0
2024-08-01,MAT-0351,0.0,0.0,0.0
2024-09-01,MAT-0351,0.0,0.0,0.0
2024-10-01,MAT-0351,0.0,0.0,0.0
2024-11-01,MAT-0351,0.0,0.0,0.0
2024-12-01,MAT-0351,0.0,0.0,0.0
2024-01-01,MAT-0355,0.0,0.0,0.0
2024-02-01,MAT-0355,0.0,0.0,0.0
2024-03-01,MAT-0355,0.0,0.0,0.0
2024-04-01,MAT-0355,0.0,0.0,0.0
2024-05-01,MAT-0355,0.0,0.0,0.0
2024-06-01,MAT-0355,0.0,0.0,0.0
2024-07-01,MAT-0355,0.0,0.0,0.0
2024-08-01,MAT-0355,0.0,0.0,0.0
2024-09-01,MAT-0355,0.0,0.0,0.0
2024-10-01,MAT-0355,0.0,0.0,0.0
2024-11-01,MAT-0355,0.0,0.0,0.0
2024-12-01,MAT-0355,0.0,0.0,0.0
2024-01-01,MAT-0356,106.8,0.0,106.8
2024-02-01,MAT-0356,0.0,0.0,0.0
2024-03-01,MAT-0356,49.5,0.0,49.5
2024-04-01,MAT-0356,0.0,0.0,0.0
2024-05-01,MAT-0356,0.0,0.0,0.0
2024-06-01,MAT-0356,0.0,0.0,0.0
2024-07-01,MAT-0356,0.0,0.0,0.0
2024-08-01,MAT-0356,247.5,0.0,247.5
2024-09-01,MAT-0356,0.0,0.0,0.0
2024-10-01,MAT-0356,0.0,0.0,0.0
2024-11-01,MAT-0356,198.0,0.0,198.0
2024-12-01,MAT-0356,0.0,0.0,0.0
2024-01-01,MAT-0357,0.0,0.0,0.0
2024-02-01,MAT-0357,0.0,0.0,0.0
2024-03-01,MAT-0357,0.0,0.0,0.0
2024-04-01,MAT-0357,0.0,0.0,0.0
2024-05-01,MAT-0357,0.0,0.0,0.0
2024-06-01,MAT-0357,0.0,0.0,0.0
2024-07-01,MAT-0357,0.0,0.0,0.0
2024-08-01,MAT-0357,11.675,0.0,11.675
2024-09-01,MAT-0357,0.0,0.0,0.0
2024-10-01,MAT-0357,0.0,0.0,0.0
2024-11-01,MAT-0357,0.0,0.0,0.0
2024-12-01,MAT-0357,0.0,0.0,0.0
2024-01-01,MAT-0359,0.0,0.0,0.0
2024-02-01,MAT-0359,0.0,0.0,0.0
2024-03-01,MAT-0359,0.0,0.0,0.0
2024-04-01,MAT-0359,0.0,0.0,0.0
2024-05-01,MAT-0359,160.725,0.0,160.725
2024-06-01,MAT-0359,0.0,0.0,0.0
2024-07-01,MAT-0359,0.0,0.0,0.0
2024-08-01,MAT-0359,0.0,0.0,0.0
2024-09-01,MAT-0359,0.0,0.0,0.0
2024-10-01,MAT-0359,0.0,0.0,0.0
2024-11-01,MAT-0359,0.0,0.0,0.0
2024-12-01,MAT-0359,0.0,0.0,0.0
2024-01-01,MAT-0364,0.0,0.0,0.0
2024-02-01,MAT-0364,0.0,0.0,0.0
2024-03-01,MAT-0364,0.0,0.0,0.0
2024-04-01,MAT-0364,13.75,0.0,13.75
2024-05-01,MAT-0364,0.0,0.0,0.0
2024-06-01,MAT-0364,0.0,0.0,0.0
2024-07-01,MAT-0364,0.0,0.0,0.0
2024-08-01,MAT-0364,24.75,0.0,24.75
2024-09-01,MAT-0364,0.0,0.0,0.0
2024-10-01,MAT-0364,49.5,0.0,49.5
2024-11-01,MAT-0364,0.0,0.0,0.0
2024-12-01,MAT-0364,0.0,0.0,0.0
2024-01-01,MAT-0365,13.525,0.0,13.525
2024-02-01,MAT-0365,0.0,0.0,0.0
2024-03-01,MAT-0365,0.0,0.0,0.0
2024-04-01,MAT-0365,41.25,0.0,41.25
2024-05-01,MAT-0365,0.0,0.0,0.0
2024-06-01,MAT-0365,0.0,0.0,0.0
2024-07-01,MAT-0365,0.0,0.0,0.0
2024-08-01,MAT-0365,0.0,0.0,0.0
2024-09-01,MAT-0365,0.0,0.0,0.0
2024-10-01,MAT-0365,0.0,0.0,0.0
2024-11-01,MAT-0365,0.0,0.0,0.0
2024-12-01,MAT-0365,0.0,0.0,0.0
2024-01-01,MAT-0366,0.0,0.0,0.0
2024-02-01,MAT-0366,0.0,0.0,0.0
2024-03-01,MAT-0366,0.0,0.0,0.0
2024-04-01,MAT-0366,0.0,0.0,0.0
2024-05-01,MAT-0366,386.25,0.0,386.25
2024-06-01,MAT-0366,157.5,0.0,157.5
2024-07-01,MAT-0366,67.5,0.0,67.5
2024-08-01,MAT-0366,90.0,0.0,90.0
2024-09-01,MAT-0366,0.0,0.0,0.0
2024-10-01,MAT-0366,0.0,0.0,0.0
2024-11-01,MAT-0366,0.0,0.0,0.0
2024-12-01,MAT-0366,225.0,0.0,225.0
2024-01-01,MAT-0371,627.0,0.0,627.0
2024-02-01,MAT-0371,0.0,0.0,0.0
2024-03-01,MAT-0371,0.0,0.0,0.0
2024-04-01,MAT-0371,0.0,0.0,0.0
2024-05-01,MAT-0371,0.0,0.0,0.0
2024-06-01,MAT-0371,0.0,0.0,0.0
2024-07-01,MAT-0371,0.0,0.0,0.0
2024-08-01,MAT-0371,0.0,0.0,0.0
2024-09-01,MAT-0371,0.0,0.0,0.0
2024-10-01,MAT-0371,0.0,0.0,0.0
2024-11-01,MAT-0371,0.0,0.0,0.0
2024-12-01,MAT-0371,0.0,0.0,0.0
2024-01-01,MAT-0372,0.0,0.0,0.0
2024-02-01,MAT-0372,0.0,0.0,0.0
2024-03-01,MAT-0372,0.0,0.0,0.0
2024-04-01,MAT-0372,0.0,0.0,0.0
2024-05-01,MAT-0372,0.0,0.0,0.0
2024-06-01,MAT-0372,0.0,0.0,0.0
2024-07-01,MAT-0372,0.0,0.0,0.0
2024-08-01,MAT-0372,348.975,0.0,348.975
2024-09-01,MAT-0372,0.0,0.0,0.0
2024-10-01,MAT-0372,0.0,0.0,0.0
2024-11-01,MAT-0372,0.0,0.0,0.0
2024-12-01,MAT-0372,0.0,0.0,0.0
2024-01-01,MAT-0373,0.0,0.0,0.0
2024-02-01,MAT-0373,0.0,0.0,0.0
2024-03-01,MAT-0373,65.95,0.0,65.95
2024-04-01,MAT-0373,0.0,0.0,0.0
2024-05-01,MAT-0373,0.0,0.0,0.0
2024-06-01,MAT-0373,0.0,0.0,0.0
2024-07-01,MAT-0373,0.0,0.0,0.0
2024-08-01,MAT-0373,0.0,0.0,0.0
2024-09-01,MAT-0373,0.0,0.0,0.0
2024-10-01,MAT-0373,0.0,0.0,0.0
2024-11-01,MAT-0373,0.0,0.0,0.0
2024-12-01,MAT-0373,0.0,0.0,0.0
2024-01-01,MAT-0374,104.5,0.0,104.5
2024-02-01,MAT-0374,0.0,0.0,0.0
2024-03-01,MAT-0374,394.9,0.0,394.9
2024-04-01,MAT-0374,0.0,0.0,0.0
2024-05-01,MAT-0374,0.0,0.0,0.0
2024-06-01,MAT-0374,0.0,0.0,0.0
2024-07-01,MAT-0374,0.0,0.0,0.0
2024-08-01,MAT-0374,0.0,0.0,0.0
2024-09-01,MAT-0374,445.5,0.0,445.5
2024-10-01,MAT-0374,0.0,0.0,0.0
2024-11-01,MAT-0374,0.0,0.0,0.0
2024-12-01,MAT-0374,0.0,0.0,0.0
2024-01-01,MAT-0381,0.0,0.0,0.0
2024-02-01,MAT-0381,0.0,0.0,0.0
2024-03-01,MAT-0381,0.0,0.0,0.0
2024-04-01,MAT-0381,0.0,0.0,0.0
2024-05-01,MAT-0381,0.0,0.0,0.0
2024-06-01,MAT-0381,0.0,0.0,0.0
2024-07-01,MAT-0381,0.0,0.0,0.0
2024-08-01,MAT-0381,0.0,0.0,0.0
2024-09-01,MAT-0381,0.0,0.0,0.0
2024-10-01,MAT-0381,0.0,0.0,0.0
2024-11-01,MAT-0381,0.0,0.0,0.0
2024-12-01,MAT-0381,0.0,0.0,0.0
2024-01-01,MAT-0385,0.0,0.0,0.0
2024-02-01,MAT-0385,0.0,0.0,0.0
2024-03-01,MAT-0385,0.0,0.0,0.0
2024-04-01,MAT-0385,0.0,0.0,0.0
2024-05-01,MAT-0385,0.0,0.0,0.0
2024-06-01,MAT-0385,0.0,0.0,0.0
2024-07-01,MAT-0385,0.0,0.0,0.0
2024-08-01,MAT-0385,11.675,0.0,11.675
2024-09-01,MAT-0385,0.0,0.0,0.0
2024-10-01,MAT-0385,0.0,0.0,0.0
2024-11-01,MAT-0385,0.0,0.0,0.0
2024-12-01,MAT-0385,0.0,0.0,0.0
2024-01-01,MAT-0386,0.0,0.0,0.0
2024-02-01,MAT-0386,0.0,0.0,0.0
2024-03-01,MAT-0386,56.325,0.0,56.325
2024-04-01,MAT-0386,0.0,0.0,0.0
2024-05-01,MAT-0386,0.0,0.0,0.0
2024-06-01,MAT-0386,0.0,0.0,0.0
2024-07-01,MAT-0386,0.0,0.0,0.0
2024-08-01,MAT-0386,0.0,0.0,0.0
2024-09-01,MAT-0386,0.0,0.0,0.0
2024-10-01,MAT-0386,0.0,0.0,0.0
2024-11-01,MAT-0386,0.0,0.0,0.0
2024-12-01,MAT-0386,0.0,0.0,0.0
2024-01-01,MAT-0390,0.0,0.0,0.0
2024-02-01,MAT-0390,0.0,0.0,0.0
2024-03-01,MAT-0390,0.0,0.0,0.0
2024-04-01,MAT-0390,979.8,0.0,979.8
2024-05-01,MAT-0390,0.0,0.0,0.0
2024-06-01,MAT-0390,396.0,0.0,396.0
2024-07-01,MAT-0390,0.0,0.0,0.0
2024-08-01,MAT-0390,0.0,0.0,0.0
2024-09-01,MAT-0390,0.0,0.0,0.0
2024-10-01,MAT-0390,0.0,0.0,0.0
2024-11-01,MAT-0390,0.0,0.0,0.0
2024-12-01,MAT-0390,0.0,0.0,0.0
2024-01-01,MAT-0395,0.0,0.0,0.0
2024-02-01,MAT-0395,0.0,0.0,0.0
2024-03-01,MAT-0395,0.0,0.0,0.0
2024-04-01,MAT-0395,0.0,0.0,0.0
2024-05-01,MAT-0395,0.0,0.0,0.0
2024-06-01,MAT-0395,0.0,0.0,0.0
2024-07-01,MAT-0395,0.0,0.0,0.0
2024-08-01,MAT-0395,781.375,0.0,781.375
2024-09-01,MAT-0395,0.0,0.0,0.0
2024-10-01,MAT-0395,0.0,0.0,0.0
2024-11-01,MAT-0395,0.0,0.0,0.0
2024-12-01,MAT-0395,0.0,0.0,0.0
2024-01-01,MAT-0396,0.0,0.0,0.0
2024-02-01,MAT-0396,48.05,0.0,48.05
2024-03-01,MAT-0396,0.0,0.0,0.0
2024-04-01,MAT-0396,0.0,0.0,0.0
2024-05-01,MAT-0396,0.0,0.0,0.0
2024-06-01,MAT-0396,0.0,0.0,0.0
2024-07-01,MAT-0396,0.0,0.0,0.0
2024-08-01,MAT-0396,0.0,0.0,0.0
2024-09-01,MAT-0396,0.0,0.0,0.0
2024-10-01,MAT-0396,0.0,0.0,0.0
2024-11-01,MAT-0396,0.0,0.0,0.0
2024-12-01,MAT-0396,0.0,0.0,0.0
2024-01-01,MAT-0397,0.0,0.0,0.0
2024-02-01,MAT-0397,0.0,0.0,0.0
2024-03-01,MAT-0397,0.0,0.0,0.0
2024-04-01,MAT-0397,0.0,0.0,0.0
2024-05-01,MAT-0397,0.0,0.0,0.0
2024-06-01,MAT-0397,0.0,0.0,0.0
2024-07-01,MAT-0397,0.0,0.0,0.0
2024-08-01,MAT-0397,0.0,0.0,0.0
2024-09-01,MAT-0397,0.0,0.0,0.0
2024-10-01,MAT-0397,0.0,0.0,0.0
2024-11-01,MAT-0397,0.0,0.0,0.0
2024-12-01,MAT-0397,191.425,0.0,191.425
2024-01-01,MAT-0398,0.0,0.0,0.0
2024-02-01,MAT-0398,0.0,0.0,0.0
2024-03-01,MAT-0398,0.0,0.0,0.0
2024-04-01,MAT-0398,0.0,0.0,0.0
2024-05-01,MAT-0398,43.625,0.0,43.625
2024-06-01,MAT-0398,0.0,0.0,0.0
2024-07-01,MAT-0398,0.0,0.0,0.0
2024-08-01,MAT-0398,0.0,0.0,0.0
2024-09-01,MAT-0398,0.0,0.0,0.0
2024-10-01,MAT-0398,0.0,0.0,0.0
2024-11-01,MAT-0398,0.0,0.0,0.0
2024-12-01,MAT-0398,0.0,0.0,0.0
2024-01-01,MAT-0403,0.0,0.0,0.0
2024-02-01,MAT-0403,0.0,0.0,0.0
2024-03-01,MAT-0403,0.0,0.0,0.0
2024-04-01,MAT-0403,0.0,0.0,0.0
2024-05-01,MAT-0403,0.0,0.0,0.0
2024-06-01,MAT-0403,0.0,0.0,0.0
2024-07-01,MAT-0403,0.0,0.0,0.0
2024-08-01,MAT-0403,0.0,0.0,0.0
2024-09-01,MAT-0403,0.0,0.0,0.0
2024-10-01,MAT-0403,0.0,0.0,0.0
2024-11-01,MAT-0403,0.0,0.0,0.0
2024-12-01,MAT-0403,0.0,0.0,0.0
2024-01-01,MAT-0404,6.2,0.0,6.2
2024-02-01,MAT-0404,0.0,0.0,0.0
2024-03-01,MAT-0404,0.0,0.0,0.0
2024-04-01,MAT-0404,816.75,0.0,816.75
2024-05-01,MAT-0404,0.0,0.0,0.0
2024-06-01,MAT-0404,0.0,0.0,0.0
2024-07-01,MAT-0404,0.0,0.0,0.0
2024-08-01,MAT-0404,0.0,0.0,0.0
2024-09-01,MAT-0404,49.5,0.0,49.5
2024-10-01,MAT-0404,0.0,0.0,0.0
2024-11-01,MAT-0404,0.0,0.0,0.0
2024-12-01,MAT-0404,0.0,0.0,0.0
2024-01-01,MAT-0405,0.0,0.0,0.0
2024-02-01,MAT-0405,0.0,0.0,0.0
2024-03-01,MAT-0405,0.0,0.0,0.0
2024-04-01,MAT-0405,0.0,0.0,0.0
2024-05-01,MAT-0405,0.0,0.0,0.0
2024-06-01,MAT-0405,0.0,0.0,0.0
2024-07-01,MAT-0405,0.0,0.0,0.0
2024-08-01,MAT-0405,12.375,0.0,12.375
2024-09-01,MAT-0405,0.0,0.0,0.0
2024-10-01,MAT-0405,0.0,0.0,0.0
2024-11-01,MAT-0405,0.0,0.0,0.0
2024-12-01,MAT-0405,0.0,0.0,0.0
2024-01-01,MAT-0406,0.0,0.0,0.0
2024-02-01,MAT-0406,0.0,0.0,0.0
2024-03-01,MAT-0406,0.0,0.0,0.0
2024-04-01,MAT-0406,0.0,0.0,0.0
2024-05-01,MAT-0406,0.0,0.0,0.0
2024-06-01,MAT-0406,0.0,0.0,0.0
2024-07-01,MAT-0406,0.0,0.0,0.0
2024-08-01,MAT-0406,7.575,0.0,7.575
2024-09-01,MAT-0406,17.175,0.0,17.175
2024-10-01,MAT-0406,0.0,0.0,0.0
2024-11-01,MAT-0406,0.0,0.0,0.0
2024-12-01,MAT-0406,0.0,0.0,0.0
2024-01-01,MAT-0410,0.0,0.0,0.0
2024-02-01,MAT-0410,0.0,0.0,0.0
2024-03-01,MAT-0410,499.175,0.0,499.175
2024-04-01,MAT-0410,0.0,0.0,0.0
2024-05-01,MAT-0410,0.0,0.0,0.0
2024-06-01,MAT-0410,0.0,0.0,0.0
2024-07-01,MAT-0410,0.0,0.0,0.0
2024-08-01,MAT-0410,0.0,0.0,0.0
2024-09-01,MAT-0410,0.0,0.0,0.0
2024-10-01,MAT-0410,0.0,0.0,0.0
2024-11-01,MAT-0410,0.0,0.0,0.0
2024-12-01,MAT-0410,0.0,0.0,0.0
2024-01-01,MAT-0412,0.0,0.0,0.0
2024-02-01,MAT-0412,0.0,0.0,0.0
2024-03-01,MAT-0412,0.0,0.0,0.0
2024-04-01,MAT-0412,0.0,0.0,0.0
2024-05-01,MAT-0412,0.0,0.0,0.0
2024-06-01,MAT-0412,0.0,0.0,0.0
2024-07-01,MAT-0412,0.0,0.0,0.0
2024-08-01,MAT-0412,0.0,0.0,0.0
2024-09-01,MAT-0412,0.0,0.0,0.0
2024-10-01,MAT-0412,0.0,0.0,0.0
2024-11-01,MAT-0412,0.0,0.0,0.0
2024-12-01,MAT-0412,7.2,0.0,7.2
2024-01-01,MAT-0413,445.7,0.0,445.7
2024-02-01,MAT-0413,198.176,0.0,198.176
2024-03-01,MAT-0413,247.5,0.0,247.5
2024-04-01,MAT-0413,0.0,0.0,0.0
2024-05-01,MAT-0413,0.0,0.0,0.0
2024-06-01,MAT-0413,668.25,0.0,668.25
2024-07-01,MAT-0413,0.0,0.0,0.0
2024-08-01,MAT-0413,0.0,0.0,0.0
2024-09-01,MAT-0413,0.0,0.0,0.0
2024-10-01,MAT-0413,0.0,0.0,0.0
2024-11-01,MAT-0413,0.0,0.0,0.0
2024-12-01,MAT-0413,0.0,0.0,0.0
2024-01-01,MAT-0415,0.0,0.0,0.0
2024-02-01,MAT-0415,0.0,0.0,0.0
2024-03-01,MAT-0415,0.0,0.0,0.0
2024-04-01,MAT-0415,0.0,0.0,0.0
2024-05-01,MAT-0415,0.0,0.0,0.0
2024-06-01,MAT-0415,0.0,0.0,0.0
2024-07-01,MAT-0415,0.0,0.0,0.0
2024-08-01,MAT-0415,0.0,0.0,0.0
2024-09-01,MAT-0415,0.0,0.0,0.0
2024-10-01,MAT-0415,0.0,0.0,0.0
2024-11-01,MAT-0415,0.0,0.0,0.0
2024-12-01,MAT-0415,1354.225,0.0,1354.225
2024-01-01,MAT-0416,0.0,0.0,0.0
2024-02-01,MAT-0416,0.0,0.0,0.0
2024-03-01,MAT-0416,0.0,0.0,0.0
2024-04-01,MAT-0416,0.0,0.0,0.0
2024-05-01,MAT-0416,0.0,0.0,0.0
2024-06-01,MAT-0416,0.0,0.0,0.0
2024-07-01,MAT-0416,0.0,0.0,0.0
2024-08-01,MAT-0416,1360.625,0.0,1360.625
2024-09-01,MAT-0416,0.0,0.0,0.0
2024-10-01,MAT-0416,0.0,0.0,0.0
2024-11-01,MAT-0416,0.0,0.0,0.0
2024-12-01,MAT-0416,0.0,0.0,0.0
2024-01-01,MAT-0419,0.0,0.0,0.0
2024-02-01,MAT-0419,321.75,0.0,321.75
2024-03-01,MAT-0419,0.0,0.0,0.0
2024-04-01,MAT-0419,0.0,0.0,0.0
2024-05-01,MAT-0419,0.0,0.0,0.0
2024-06-01,MAT-0419,0.0,0.0,0.0
2024-07-01,MAT-0419,0.0,0.0,0.0
2024-08-01,MAT-0419,0.0,0.0,0.0
2024-09-01,MAT-0419,321.75,0.0,321.75
2024-10-01,MAT-0419,0.0,0.0,0.0
2024-11-01,MAT-0419,198.0,0.0,198.0
2024-12-01,MAT-0419,0.0,0.0,0.0
2024-01-01,MAT-0420,0.0,0.0,0.0
2024-02-01,MAT-0420,0.0,0.0,0.0
2024-03-01,MAT-0420,4.075,0.0,4.075
2024-04-01,MAT-0420,0.0,0.0,0.0
2024-05-01,MAT-0420,0.0,0.0,0.0
2024-06-01,MAT-0420,0.0,0.0,0.0
2024-07-01,MAT-0420,0.0,0.0,0.0
2024-08-01,MAT-0420,0.0,0.0,0.0
2024-09-01,MAT-0420,0.0,0.0,0.0
2024-10-01,MAT-0420,0.0,0.0,0.0
2024-11-01,MAT-0420,0.0,0.0,0.0
2024-12-01,MAT-0420,0.0,0.0,0.0
2024-01-01,MAT-0421,0.0,0.0,0.0
2024-02-01,MAT-0421,0.0,0.0,0.0
2024-03-01,MAT-0421,0.0,0.0,0.0
2024-04-01,MAT-0421,0.0,0.0,0.0
2024-05-01,MAT-0421,0.0,0.0,0.0
2024-06-01,MAT-0421,0.0,0.0,0.0
2024-07-01,MAT-0421,0.0,0.0,0.0
2024-08-01,MAT-0421,0.0,0.0,0.0
2024-09-01,MAT-0421,0.0,0.0,0.0
2024-10-01,MAT-0421,0.0,0.0,0.0
2024-11-01,MAT-0421,672.925,0.0,672.925
2024-12-01,MAT-0421,0.0,0.0,0.0
2024-01-01,MAT-0423,0.0,0.0,0.0
2024-02-01,MAT-0423,0.0,0.0,0.0
2024-03-01,MAT-0423,0.0,0.0,0.0
2024-04-01,MAT-0423,0.0,0.0,0.0
2024-05-01,MAT-0423,0.0,0.0,0.0
2024-06-01,MAT-0423,0.0,0.0,0.0
2024-07-01,MAT-0423,0.0,0.0,0.0
2024-08-01,MAT-0423,394.625,0.0,394.625
2024-09-01,MAT-0423,0.0,0.0,0.0
2024-10-01,MAT-0423,0.0,0.0,0.0
2024-11-01,MAT-0423,0.0,0.0,0.0
2024-12-01,MAT-0423,0.0,0.0,0.0
2024-01-01,MAT-0428,0.0,0.0,0.0
2024-02-01,MAT-0428,0.0,0.0,0.0
2024-03-01,MAT-0428,0.0,0.0,0.0
2024-04-01,MAT-0428,0.0,0.0,0.0
2024-05-01,MAT-0428,0.0,0.0,0.0
2024-06-01,MAT-0428,1981.225,0.0,1981.225
2024-07-01,MAT-0428,0.0,0.0,0.0
2024-08-01,MAT-0428,0.0,0.0,0.0
2024-09-01,MAT-0428,0.0,0.0,0.0
2024-10-01,MAT-0428,0.0,0.0,0.0
2024-11-01,MAT-0428,0.0,0.0,0.0
2024-12-01,MAT-0428,0.0,0.0,0.0
